ordinal	path	sha256
1	rtl/lm/a7lm06_pkg.sv	77B01CBDC4654CF192F35CE6CC378DDEC63C35729BE7AB2D2EA22E98B878AED5
2	rtl/lm/isqrt32.sv	03418C75478B94AE031C4E76B86DC32E2CF6F4D10473AC4CDECE4673C495D48F
3	rtl/lm/floordiv_s48.sv	C386CD14BDAEE56CCF3D2543E8815C39B13EA364FDEAE12A5DD8A30D634C1182
4	rtl/lm/weight_bram803k.sv	18C65CEFF035455C263FB5983F27ECA19C38706EAF6A68B8C963F51FAA57E72D
5	rtl/lm/weight_bram_tdp8.sv	80474BCAAEE45DACFB1F86C15FB5AAE328E8DC688F7394786CEAA217F32DD4F5
6	rtl/lm/weight_tile803k.sv	C7BEB34CC13529BDDD0936E21AA7983F6C1A7C6338BD9268D6AEDACDCC9E777E
7	rtl/lm/act_ram128k16.sv	1FCD9D4343684378976FD6A29EE02BC2D4F18B4D378B6FC4CFA92674F65D38D9
8	rtl/lm/snap_ram4k16.sv	A2D02401CF28596F9E429EEC1AB537644C10BAFF3C808C360BE4BED7AB78120A
9	rtl/lm/tiny_gpt803k_core.sv	B8F485E5A98903A56C23BADEB30CD84451E728F42E64296343086E6D51351880
10	rtl/native_graph/pkg/a7ng_pkg.sv	7B62CFBDF6688E8356505942FD36C344871B034A281D25EC62E7B37771A70957
11	rtl/native_graph/memory/a7ng_mem_schema_v1.sv	F0FE426EB7B6968392458F7377BB86D579F768FFE66ABE2A4D8E8FD8D57DEB85
12	rtl/native_graph/scorer/a7ng_scorer_lane.sv	7C8ACFD29C378D9DD8851AE7F646CBEEB0BADC287DA2A1D9931F8C6B3256ECB6
13	rtl/native_graph/scorer/a7ng_scorer_array.sv	57F3F8B19FAD37F7FE9F71ADAB4912EC56D8F3BD4D3260B74808FC281C6F73C7
14	rtl/native_graph/scorer/a7ng_termgen_lane.sv	DD637EDAC060D407F44E81C6DD83FE3995150B4CDD275EEF2820757F22DF5218
15	rtl/native_graph/scorer/a7ng_termgen_array.sv	5A8697036424592C2817FEB29AB23C7788391DC54ADBADD5B7F10A07B2DD93F7
16	rtl/native_graph/topk/a7ng_topk.sv	F671FCB1B8FB891EE77A9AC3D5A0BA24AE4DBB8109A6645F2250F611AA197636
17	rtl/native_graph/topk/a7ng_topk_wavefront_global.sv	D6D6882BD4C5505246C9B24CB95CEF66BE3BC1F0881545AEDCEC302B01C14B7B
18	rtl/native_graph/topk/a7ng_ng02_core.sv	241AB11FD2CE008C84B9C9FBB9C6B70145825050FE1835C1489233823AD7B009
19	rtl/native_graph/frontier/a7ng_frontier_buckets.sv	CE38FEC3562343C64AB718243CE5F4B815A128524EBA2903BE20CD5ACDD2C565
20	rtl/native_graph/memory/a7ng_ddr_soa_axi_bridge.sv	40170C5C8A5D0DFC7FA400762918DE7A363256B047ABE0667E3248F4D697A7FB
21	rtl/native_graph/memory/a7ng_soa_plane_engine.sv	689C56D7CEA6CBDE8DCC376394026AEEBC736708CC73C7BD712D738B336EA6D5
22	rtl/native_graph/memory/a7ng_soa_plane_fetch.sv	795202E3B04EF28DBBB4D3A35B9E9530688A524315AEB7BE829FD8540F7F036A
23	rtl/native_graph/memory/a7ng_axi_read_stream.sv	BA5A947FF8AF0CEF024654A4EE84E7A8D9F28482691B8F1F531DF9693BBFAB11
24	rtl/native_graph/memory/a7ng_cue_soa_wavefront.sv	322995D6D053AEEF995687F8F6A6CE2E89FC50B4DFDB8875EC29FE1215C0FF28
25	rtl/native_graph/memory/a7ng_cue_soa_mig_top.sv	B4FBF8A64E828E28EB3C0470B4C224629687551B62A1961D89A0B470A0297C23
26	rtl/native_graph/integrate/a7ng_lm_graph_arb.sv	04B5346EF984AF6B7666E43E93FABC442C716F14508FA8545F109E5EB76E3B67
27	rtl/native_graph/lm/a7ng_native_ctx_bind.sv	5CDBCC47E5D0CC0A4977EA916D4698E453B2EABBE5263FEAE627864F380D7803
28	rtl/native_graph/integrate/a7ng_native_v1_ab_core.sv	7C4252978CC8071BB35693BAA3DDD55B3D8C3640B9DD1BEE18FED11BA0670F21
29	rtl/ddr/mig_native_wrap.sv	97C078B18015E0C6A47CA4D41B659E483F2E983D37F8BB6E579EFA4D19E523B5
30	tests/xsim/tb_a7ng_native_v1_ab_mig.sv	2154EB75A8083AF39282AD94E439892054B648045CEED576FCF4894ADCD48C1D
31	vivado/ip/mig_7series_0/mig_7series_0/user_design/rtl/mig_7series_0.v	F5F237264C4EAF7874700AD11630319145A6491C74A816C54152CE0F58482BF0
32	vivado/ip/mig_7series_0/mig_7series_0/user_design/rtl/axi/mig_7series_v4_2_axi_ctrl_addr_decode.v	0D2AE4EAB68F724E686801B548727C1DC4CB3B06A5B3EFCACDAA2BF836192F8E
33	vivado/ip/mig_7series_0/mig_7series_0/user_design/rtl/axi/mig_7series_v4_2_axi_ctrl_read.v	2F10FEC7AFEBB919CD6B97A39BBC5E218AE581DC7F3C790242324066D5F8461B
34	vivado/ip/mig_7series_0/mig_7series_0/user_design/rtl/axi/mig_7series_v4_2_axi_ctrl_reg.v	0EEB5BB908BEB83E652CA279F364BF4C042E92C0F1A48F06C1269EF993EC4FDC
35	vivado/ip/mig_7series_0/mig_7series_0/user_design/rtl/axi/mig_7series_v4_2_axi_ctrl_reg_bank.v	E7A3BF63EBCA3AC3EB1917549FFDAC6072EE7A56DFA643318C8D52842B83C244
36	vivado/ip/mig_7series_0/mig_7series_0/user_design/rtl/axi/mig_7series_v4_2_axi_ctrl_top.v	4815832BC5F06561D0A3DCFE94381CB0BE3AB1E8FF8EEE406BC9B6476EB4CEE7
37	vivado/ip/mig_7series_0/mig_7series_0/user_design/rtl/axi/mig_7series_v4_2_axi_ctrl_write.v	73761AC3D642A5C340C59CB9D6C1F57CE0D4D71B99F5DDCBE95160A61966DC84
38	vivado/ip/mig_7series_0/mig_7series_0/user_design/rtl/axi/mig_7series_v4_2_axi_mc.v	F7FBCEF988A7ADDA00987C9CBF38F198E266A71D7F11A59E7BDA414EFED35D7D
39	vivado/ip/mig_7series_0/mig_7series_0/user_design/rtl/axi/mig_7series_v4_2_axi_mc_ar_channel.v	33E0C9597A79C8800A6EDD40842D094C8F77A42B3B248DDC859944C9903AEF14
40	vivado/ip/mig_7series_0/mig_7series_0/user_design/rtl/axi/mig_7series_v4_2_axi_mc_aw_channel.v	41B1A493E531CA617D6EEDE6307CFB81BB6ADA84BF0A934764632A0B38D9D9FF
41	vivado/ip/mig_7series_0/mig_7series_0/user_design/rtl/axi/mig_7series_v4_2_axi_mc_b_channel.v	0DBAD17D261887336FCD757287C4145234EE070515A3452F0D313424E52C9BAA
42	vivado/ip/mig_7series_0/mig_7series_0/user_design/rtl/axi/mig_7series_v4_2_axi_mc_cmd_arbiter.v	5D4D9F7D8A2F9C7641EE9661121D9966406247745031FE4890EC4421F0A5CA86
43	vivado/ip/mig_7series_0/mig_7series_0/user_design/rtl/axi/mig_7series_v4_2_axi_mc_cmd_fsm.v	E5F17D5EC70231461C8B08A3B223361A921E39935CFA5D2537568718065AECBE
44	vivado/ip/mig_7series_0/mig_7series_0/user_design/rtl/axi/mig_7series_v4_2_axi_mc_cmd_translator.v	34C5EFA4E3E2E127AD83F5F4B0F60CE02D11BF08C85B1362BC65FCF356C5963C
45	vivado/ip/mig_7series_0/mig_7series_0/user_design/rtl/axi/mig_7series_v4_2_axi_mc_fifo.v	999C30051D86A65803EFE77C3EA84242BE8D94027FF77192B135643ABC6CF6AA
46	vivado/ip/mig_7series_0/mig_7series_0/user_design/rtl/axi/mig_7series_v4_2_axi_mc_incr_cmd.v	1A39F581126C768916514CBA322D3BA6F330F232FC7983FF91600DCF2F261E1E
47	vivado/ip/mig_7series_0/mig_7series_0/user_design/rtl/axi/mig_7series_v4_2_axi_mc_r_channel.v	35CEDAD4FD465994687E0462C7CF1AF8B94EFCE8A96DB14F35766AD3F09F9BF7
48	vivado/ip/mig_7series_0/mig_7series_0/user_design/rtl/axi/mig_7series_v4_2_axi_mc_simple_fifo.v	8B7567DB3D88FB0F7629BBFFBFA47D720DD19C457006FD4BB3ED236B9156950A
49	vivado/ip/mig_7series_0/mig_7series_0/user_design/rtl/axi/mig_7series_v4_2_axi_mc_w_channel.v	E03D993861A9D156A4943F780C09971660505BC2CD04F022D6B852898027F8E0
50	vivado/ip/mig_7series_0/mig_7series_0/user_design/rtl/axi/mig_7series_v4_2_axi_mc_wr_cmd_fsm.v	0E602304C0F4560C8E851A7F5A9A67E7F5789CCD33640C2B780D1CB5E5B2DE31
51	vivado/ip/mig_7series_0/mig_7series_0/user_design/rtl/axi/mig_7series_v4_2_axi_mc_wrap_cmd.v	6945A3F6F490D4B9ECDE7533A52AF9AB7ED6B50A52ADC4B13418E1639D38C825
52	vivado/ip/mig_7series_0/mig_7series_0/user_design/rtl/axi/mig_7series_v4_2_ddr_a_upsizer.v	5A64274D389CA9DDE8BC30C7440FAD12E2F1A70C378647B14B63E159DF997A68
53	vivado/ip/mig_7series_0/mig_7series_0/user_design/rtl/axi/mig_7series_v4_2_ddr_axi_register_slice.v	7B1006D7DDCCD38BC5078ABFE853D11B1B0FB8BE042B0DA6FD037925C16D97C7
54	vivado/ip/mig_7series_0/mig_7series_0/user_design/rtl/axi/mig_7series_v4_2_ddr_axi_upsizer.v	8BD539EDD7C99E13840F9C9DF3C7521CFA61DB9D4317D7A027ADA7ACCB4591CF
55	vivado/ip/mig_7series_0/mig_7series_0/user_design/rtl/axi/mig_7series_v4_2_ddr_axic_register_slice.v	08B773813FADA7A3720ED25B11CD06059A9261C5413A283D01FB62B0645C4C4F
56	vivado/ip/mig_7series_0/mig_7series_0/user_design/rtl/axi/mig_7series_v4_2_ddr_carry_and.v	EC1D44D41C9DE485314507C82FB77FD34B17D9969348B831602676811F5DBD03
57	vivado/ip/mig_7series_0/mig_7series_0/user_design/rtl/axi/mig_7series_v4_2_ddr_carry_latch_and.v	E367B77F842C1D8442112523AE8637732AB8D96AE1B21978DB26BCED1380FDA0
58	vivado/ip/mig_7series_0/mig_7series_0/user_design/rtl/axi/mig_7series_v4_2_ddr_carry_latch_or.v	A71D491AD86ABE2DA1939A6405C40BE2E2ABE64B9E1F0B3A323DC59AC39AC4A6
59	vivado/ip/mig_7series_0/mig_7series_0/user_design/rtl/axi/mig_7series_v4_2_ddr_carry_or.v	97E8FC45FF33284BAD94C4CD4D5CE8025E21FAE25B89459373B3469520371E5C
60	vivado/ip/mig_7series_0/mig_7series_0/user_design/rtl/axi/mig_7series_v4_2_ddr_command_fifo.v	F2C9564CD28C64E44C32A3A134C14EAE8CC4E07A42A1234D4D205080E8C07160
61	vivado/ip/mig_7series_0/mig_7series_0/user_design/rtl/axi/mig_7series_v4_2_ddr_comparator.v	DF8C094545643A69447A6B933000AC254316B67323A5C7E970724DE0DFB40BBA
62	vivado/ip/mig_7series_0/mig_7series_0/user_design/rtl/axi/mig_7series_v4_2_ddr_comparator_sel.v	887C3EC32A29142B8DB4EADF17821FD281C7950C427116474B9749D7064CBDB3
63	vivado/ip/mig_7series_0/mig_7series_0/user_design/rtl/axi/mig_7series_v4_2_ddr_comparator_sel_static.v	BC734A5FFEF4CE17306C541468B9FE8B79B84EDD9D5A6A175F2CCC31AE51F5C9
64	vivado/ip/mig_7series_0/mig_7series_0/user_design/rtl/axi/mig_7series_v4_2_ddr_r_upsizer.v	907C182C5D5C8AB6D5DB4396A3053FA2E88A5A353BC60E90D9DE78390A9AD5C8
65	vivado/ip/mig_7series_0/mig_7series_0/user_design/rtl/axi/mig_7series_v4_2_ddr_w_upsizer.v	21987C582B9ABBAE4AE6D2C7048775BF9D163983910E115A44089361E845507F
66	vivado/ip/mig_7series_0/mig_7series_0/user_design/rtl/clocking/mig_7series_v4_2_clk_ibuf.v	88989760045AF0D52D828C19C825B3AB67F39C898839500217DB5F5C7222C30D
67	vivado/ip/mig_7series_0/mig_7series_0/user_design/rtl/clocking/mig_7series_v4_2_infrastructure.v	5129FAD481989EE6FF2374EF61D9C98C73A7F1243C60AC8879692EC37A9409DE
68	vivado/ip/mig_7series_0/mig_7series_0/user_design/rtl/clocking/mig_7series_v4_2_iodelay_ctrl.v	EB9CA5EC6C42448959D9D087FD73F9EFCD38A5A86F6EEB23EA5FCDCF6AB5B992
69	vivado/ip/mig_7series_0/mig_7series_0/user_design/rtl/clocking/mig_7series_v4_2_tempmon.v	3200E9F361C0FA35EE6538675B2EACC69F5C16662D0C37723812B959B13D85F4
70	vivado/ip/mig_7series_0/mig_7series_0/user_design/rtl/controller/mig_7series_v4_2_arb_mux.v	FFE22EB0C52C73F20D6110816A9048F4A6005B9C8B9BE4794DE94674244043ED
71	vivado/ip/mig_7series_0/mig_7series_0/user_design/rtl/controller/mig_7series_v4_2_arb_row_col.v	E9A1791B01DD8B473D417578E52A4CB828B402AB7D546B5DEC805FF4FEC7F9DA
72	vivado/ip/mig_7series_0/mig_7series_0/user_design/rtl/controller/mig_7series_v4_2_arb_select.v	EB2E53F9742E51DD12FC14C81F4F8FFFB52929B4C58B40AC768C6E20263431D2
73	vivado/ip/mig_7series_0/mig_7series_0/user_design/rtl/controller/mig_7series_v4_2_bank_cntrl.v	013AC40385EDEA1E46365E8C2F02605A8D7C518371615BEF6CADE1390366869B
74	vivado/ip/mig_7series_0/mig_7series_0/user_design/rtl/controller/mig_7series_v4_2_bank_common.v	85EF58E12D3394C666B484161482BD6F04E01580D3A2248E04245D3FC0A1CB08
75	vivado/ip/mig_7series_0/mig_7series_0/user_design/rtl/controller/mig_7series_v4_2_bank_compare.v	4DE38A45927BD553998273D054DE0A81A1DCE258B1932F512FAEE8584B57B55F
76	vivado/ip/mig_7series_0/mig_7series_0/user_design/rtl/controller/mig_7series_v4_2_bank_mach.v	99314BC33221350CB6426F18476D0A7F63A0891A8631656AB2BEE3B0E8B8A020
77	vivado/ip/mig_7series_0/mig_7series_0/user_design/rtl/controller/mig_7series_v4_2_bank_queue.v	D2E47FA2E7811701600C635F78FE514E9E8890DB9BE1F00F241269B403CCF598
78	vivado/ip/mig_7series_0/mig_7series_0/user_design/rtl/controller/mig_7series_v4_2_bank_state.v	CE20B0400B85C0B5B0BD2DA604C72C7AEF29875E34069397D53C9904859ACE22
79	vivado/ip/mig_7series_0/mig_7series_0/user_design/rtl/controller/mig_7series_v4_2_col_mach.v	AA91159CFAA60D8F06B17E7B417D1DF4B15DAD515676B9E23617CBE0F3D5DE42
80	vivado/ip/mig_7series_0/mig_7series_0/user_design/rtl/controller/mig_7series_v4_2_mc.v	3379173868A41078AEEB47600FEBE3D8207596519E95441421EC74F369A878AA
81	vivado/ip/mig_7series_0/mig_7series_0/user_design/rtl/controller/mig_7series_v4_2_rank_cntrl.v	44EBAD59552A6E74D3B75BB581C16207F798B6DE3157DE694DF563D2E2842EEC
82	vivado/ip/mig_7series_0/mig_7series_0/user_design/rtl/controller/mig_7series_v4_2_rank_common.v	2F491A2961EFE27DA4A3E265B69173B7E6EEA48E703E93246FFADEF81D294801
83	vivado/ip/mig_7series_0/mig_7series_0/user_design/rtl/controller/mig_7series_v4_2_rank_mach.v	BFC4E824C206793EF59C49685769CC8BE2BDCAF62BB4A9B01287CDFC7B3DF3F8
84	vivado/ip/mig_7series_0/mig_7series_0/user_design/rtl/controller/mig_7series_v4_2_round_robin_arb.v	1523D8399C6E499B8B1A78E06B503679ABA8BF2A7CB02915774E57425A09385E
85	vivado/ip/mig_7series_0/mig_7series_0/user_design/rtl/ecc/mig_7series_v4_2_ecc_buf.v	9E9EC73FA74361419FB7ABFB6BA61AFC7AE4F002AC5C6405439455A0D9C326CE
86	vivado/ip/mig_7series_0/mig_7series_0/user_design/rtl/ecc/mig_7series_v4_2_ecc_dec_fix.v	755AD18F4ECAF20004032C80B2653520F48944215F5EF9CCCBB6FC24E399DCE6
87	vivado/ip/mig_7series_0/mig_7series_0/user_design/rtl/ecc/mig_7series_v4_2_ecc_gen.v	C884E03C9A7B125D14FEED7B67534EF2B28E145F1CD62D03E3EC36C98E32CEFC
88	vivado/ip/mig_7series_0/mig_7series_0/user_design/rtl/ecc/mig_7series_v4_2_ecc_merge_enc.v	66ECC6419B28D25259F3261E47C26D94E521C024E2950F78F2623AB7C3C0BA33
89	vivado/ip/mig_7series_0/mig_7series_0/user_design/rtl/ecc/mig_7series_v4_2_fi_xor.v	220B50CB9C0A0B96377B25E3911997AC2A7CAE8FB5DCE2D679BF964E27ACD3A6
90	vivado/ip/mig_7series_0/mig_7series_0/user_design/rtl/ip_top/mig_7series_v4_2_mem_intfc.v	BA31745F456BB77CF732FF153A377A34743B2541BF3DFFE11D40511BDFE99F21
91	vivado/ip/mig_7series_0/mig_7series_0/user_design/rtl/ip_top/mig_7series_v4_2_memc_ui_top_axi.v	13F2140E1451B38AF49DB38B1BE5BC04DBB0EEEC494C2F4D6492BCA8DCC48C70
92	vivado/ip/mig_7series_0/mig_7series_0/user_design/rtl/phy/mig_7series_v4_2_ddr_byte_group_io.v	5F23B88AAF12054D15E06AE6503A1EF173FEC91F6DEBE38C066B6AB45B7EC903
93	vivado/ip/mig_7series_0/mig_7series_0/user_design/rtl/phy/mig_7series_v4_2_ddr_byte_lane.v	E994100B41B9218F9073D8DC942BB20A534E40842D8DB294E0CF42B975C0124B
94	vivado/ip/mig_7series_0/mig_7series_0/user_design/rtl/phy/mig_7series_v4_2_ddr_calib_top.v	715F0407B00CC84504C814E942E541B8B32A0BF2901CA12CB79976DA200D8A76
95	vivado/ip/mig_7series_0/mig_7series_0/user_design/rtl/phy/mig_7series_v4_2_ddr_if_post_fifo.v	3E3FA293848F2507C8E50EC8334AE0A3CB183B26707F1056869327B199184D2D
96	vivado/ip/mig_7series_0/mig_7series_0/user_design/rtl/phy/mig_7series_v4_2_ddr_mc_phy.v	70A506FD489637755BBD06761F66ADA948CE8F59AC2BBB6D78698AA40652C56E
97	vivado/ip/mig_7series_0/mig_7series_0/user_design/rtl/phy/mig_7series_v4_2_ddr_mc_phy_wrapper.v	2B007714BE0F4E8AEA72BE64F30BC34BCA7B6CB63DF780B111693E293EDDD4FA
98	vivado/ip/mig_7series_0/mig_7series_0/user_design/rtl/phy/mig_7series_v4_2_ddr_of_pre_fifo.v	FCA69FBE57AAA309079E0BCA37BC95F192E02B6793D548266B75B330BB44619F
99	vivado/ip/mig_7series_0/mig_7series_0/user_design/rtl/phy/mig_7series_v4_2_ddr_phy_4lanes.v	C1991CABEA5252118E48BFB1DF6EFB72DFD65974A8BFC5BFE26020405BBE95C2
100	vivado/ip/mig_7series_0/mig_7series_0/user_design/rtl/phy/mig_7series_v4_2_ddr_phy_ck_addr_cmd_delay.v	D6BE30FBA5AAC6FFF846F174C7A09D27D59FFC64ACEBFC42AB47DD335555C985
101	vivado/ip/mig_7series_0/mig_7series_0/user_design/rtl/phy/mig_7series_v4_2_ddr_phy_dqs_found_cal.v	BCCB53E57ACA8C44FFD26771D73E67757BA2B1EF2D82C8660CAE4F4445DC6779
102	vivado/ip/mig_7series_0/mig_7series_0/user_design/rtl/phy/mig_7series_v4_2_ddr_phy_dqs_found_cal_hr.v	DC54ED2C53D22F78CDBC027687210999FA985D17C44E0D9D871F7B007A640EA0
103	vivado/ip/mig_7series_0/mig_7series_0/user_design/rtl/phy/mig_7series_v4_2_ddr_phy_init.v	393AC399CF058EEA8A58002234DFAB7700CB044D0E006D94B5BFA38025C5B2CA
104	vivado/ip/mig_7series_0/mig_7series_0/user_design/rtl/phy/mig_7series_v4_2_ddr_phy_ocd_cntlr.v	2F0FAAED7581F6B3E6CAA9844308AE2ECD07098E9BC05AC604A702BF904920C1
105	vivado/ip/mig_7series_0/mig_7series_0/user_design/rtl/phy/mig_7series_v4_2_ddr_phy_ocd_data.v	777056326712A1B3DE4E5D6D3BAC89D3E9088BB883047574EADB44742BA6BEEB
106	vivado/ip/mig_7series_0/mig_7series_0/user_design/rtl/phy/mig_7series_v4_2_ddr_phy_ocd_edge.v	73C02BBCEB8490ED418BAA86B9C1FE93687D433EAEEC942453316FF424C8A763
107	vivado/ip/mig_7series_0/mig_7series_0/user_design/rtl/phy/mig_7series_v4_2_ddr_phy_ocd_lim.v	CA4A2DBA284970E0D95EDA6F33CF313AD592696C82FDAE5029FA5043774D56AA
108	vivado/ip/mig_7series_0/mig_7series_0/user_design/rtl/phy/mig_7series_v4_2_ddr_phy_ocd_mux.v	3A17709B97A4F46265BD60A40C6D81CB5D16B4CBF8D64C779461DEFB7ACFCE1B
109	vivado/ip/mig_7series_0/mig_7series_0/user_design/rtl/phy/mig_7series_v4_2_ddr_phy_ocd_po_cntlr.v	3C7B57D235158C8AE544931A2A2E5363ADF781659DF226EA34B8EA156B92EC40
110	vivado/ip/mig_7series_0/mig_7series_0/user_design/rtl/phy/mig_7series_v4_2_ddr_phy_ocd_samp.v	209647C3DE548A07F6DD1F167F42824538C0EF48CEBCA1F56D34EC1F2D4885F1
111	vivado/ip/mig_7series_0/mig_7series_0/user_design/rtl/phy/mig_7series_v4_2_ddr_phy_oclkdelay_cal.v	9F2B3C86CC3A3CBF7286F8FAB6BA188243466910E3998D11FAAAFCBD6F2B8498
112	vivado/ip/mig_7series_0/mig_7series_0/user_design/rtl/phy/mig_7series_v4_2_ddr_phy_prbs_rdlvl.v	9CC8E284EC9DA66F2A5F907989EA59ECA3C80FC3C3262607D30E72E2D8D30554
113	vivado/ip/mig_7series_0/mig_7series_0/user_design/rtl/phy/mig_7series_v4_2_ddr_phy_rdlvl.v	3E1AA8A9EB98CDF4F478AE6783E5F00DEE3A913C5A83251D57B518F51A7E2879
114	vivado/ip/mig_7series_0/mig_7series_0/user_design/rtl/phy/mig_7series_v4_2_ddr_phy_tempmon.v	EEE92D99EDA5AA5EB7C9C06B96D5D6A0B6FCA4070B41FCFFE87B19F96EF116DB
115	vivado/ip/mig_7series_0/mig_7series_0/user_design/rtl/phy/mig_7series_v4_2_ddr_phy_top.v	5C0DBE3C606AF068D3AFCEF32C7C3650554F6BDACA1157F35B45906AD51DD848
116	vivado/ip/mig_7series_0/mig_7series_0/user_design/rtl/phy/mig_7series_v4_2_ddr_phy_wrcal.v	07807FE5E7CE3A45605E7661F802CFCAE286188EE17F53BA6F3F04D36769A2F5
117	vivado/ip/mig_7series_0/mig_7series_0/user_design/rtl/phy/mig_7series_v4_2_ddr_phy_wrlvl.v	F21F0B053C220C58FA08B575F6E520F1B19B8D357D38AC9E772BFC2FE8BF235D
118	vivado/ip/mig_7series_0/mig_7series_0/user_design/rtl/phy/mig_7series_v4_2_ddr_phy_wrlvl_off_delay.v	B90F69B0396CDCCDCE49E19536026F14B2F86AF04DD74125D900C6D3A9013E9D
119	vivado/ip/mig_7series_0/mig_7series_0/user_design/rtl/phy/mig_7series_v4_2_ddr_prbs_gen.v	014CC8443A5973FBF6F648010E66998FE0834A5CFECC8CFC1D6FC330CC1B1B1E
120	vivado/ip/mig_7series_0/mig_7series_0/user_design/rtl/phy/mig_7series_v4_2_ddr_skip_calib_tap.v	565ED7292A08F56F194340824B09F563E971E311B7659A7D76953EB83C52B278
121	vivado/ip/mig_7series_0/mig_7series_0/user_design/rtl/phy/mig_7series_v4_2_poc_cc.v	2E67FD99046DCD9ABAC105990545C12719DBF519159794415EFC954580EEA4C9
122	vivado/ip/mig_7series_0/mig_7series_0/user_design/rtl/phy/mig_7series_v4_2_poc_edge_store.v	EFA948F5EA57ABA7ED4147E439F20872FA001C9434FC79D8E80D81D3626C1C40
123	vivado/ip/mig_7series_0/mig_7series_0/user_design/rtl/phy/mig_7series_v4_2_poc_meta.v	95EA4DC974B32708D98E94CC69E8EA451D8A74ACB5F7EBED2926BDF3979B6420
124	vivado/ip/mig_7series_0/mig_7series_0/user_design/rtl/phy/mig_7series_v4_2_poc_pd.v	98E85174A151163558827FDBF3364FF1D2E1E2D5E954264AF84CB86CCF25DD44
125	vivado/ip/mig_7series_0/mig_7series_0/user_design/rtl/phy/mig_7series_v4_2_poc_tap_base.v	28F723221456609461E0AEB68CAD7D7583AD7A1411F9ECD464977886A66A4682
126	vivado/ip/mig_7series_0/mig_7series_0/user_design/rtl/phy/mig_7series_v4_2_poc_top.v	B363F1114DABBEB13B9DD686CFE5822DAD190938CA89A07225DB2553A61A1B1D
127	vivado/ip/mig_7series_0/mig_7series_0/user_design/rtl/ui/mig_7series_v4_2_ui_cmd.v	E076F9A9CBF094842CCCB5DC00B0308996CFCF623435454D2960C590849A1364
128	vivado/ip/mig_7series_0/mig_7series_0/user_design/rtl/ui/mig_7series_v4_2_ui_rd_data.v	2C4DD4C5C6A572995C5B62B46B1C551987F445F8B2055AE1372CAC7382FCA000
129	vivado/ip/mig_7series_0/mig_7series_0/user_design/rtl/ui/mig_7series_v4_2_ui_top.v	722DBDF9BEA4300B1EFB54563A39A9FEEE9BFB249C6B09ED1C70C9C9A1B95234
130	vivado/ip/mig_7series_0/mig_7series_0/user_design/rtl/ui/mig_7series_v4_2_ui_wr_data.v	DB1469E20FEEA0D19CD2F49358302AA2F869B927AA6EE9C91C99F568AF39B7BD
131	vivado/ip/mig_7series_0/mig_7series_0/user_design/rtl/mig_7series_0_mig_sim.v	54905AB22298FDAB3D7FEBFB93471467CEC78C36A3605909428E13410ED926E4
132	vivado/ip/mig_7series_0/mig_7series_0/example_design/sim/wiredly.v	5A2E37A1D868E70D12324597469E58BA99D9D363717E3B1A0215AFEAC50561EE
133	vivado/ip/mig_7series_0/mig_7series_0/example_design/sim/ddr3_model.sv	FA4F7A40D9797ABC0D7C8F5137C121EE38434A1509A571D1EE8893F1D2FEB9A8
135	tests/xsim/a7lm06_wmem.hex	9A6BBC7AC8AF82725CAFD0B50241EE683C07FB9943C754753025F3569967D10F
136	tests/xsim/run_a7ng_native_v1_ab_mig.tcl	600F52FA73FF969C0B97C6E8D3D83279E318668F5F34ED3F547F38245B40E2EE
137	tests/xsim/tb_a7ng_hs22_native_ctx_fwd.sv	89219588DD3BD8824C629113D78B988C8B843F70E2B9B3AA981FAE135B4CA02D
138	tests/xsim/tb_a7ng_native_topk_integrate.sv	06F097BDA161018F65AC69454A811EDC37C506EC3E620FD07967D46C549876E1
139	rtl/native_graph/memory/a7ng_lm06_snap_lutram.sv	C578AF0B31FE3A193BD1322F40FE0091764AA73514C80A54F14DE4280A6A08EB
140	vivado/tcl/build_native_v1_ab_postroute.tcl	5CA57D57A46159A0016001B380E175A00D378A5C97D9060E9044F3CB72B4E847
141	results/A7-NATIVE-GRAPH/LM06-SNAPSHOT-LUTRAM-01/PROJECT_A_MEMORY_CONTRACT_V0.md	F5843C60ABAE1662B9EC85C76801EF775E558DC3DBD3C02D1043E092EB6C663C
142	results/A7-NATIVE-GRAPH/LM06-SNAPSHOT-LUTRAM-01/CLOSEOUT.md	129753334AD663C21C73A4E4B0E92BD3E7973E9568A078AA602D37D218C34D0F
143	results/A7-NATIVE-GRAPH/HS22-LM06-NATIVE-CTX-FWD-00/PREREGISTER.md	88F65F19CCC1F623A9AEA5645FCFC0CB43E858F72500747F5CF7005E1C564228
144	results/A7-NATIVE-GRAPH/HS22-LM06-NATIVE-TOPK-INTEGRATE-01/PREREGISTER.md	EF9D8DEE48EA959ED02672DD473A65BBC0F538AFFF3AA949AB2FBBAE30BBCD0B
145	results/A7-NATIVE-GRAPH/NATIVE-V1-AB-INTEGRATE-ACCEPT-00/PREREGISTER.md	D41BEEBFD1C49C17CC7FCFFD1FF1DB9DC9C7BFD180BEAA4CE0290DCDE5246DDD
146	results/A7-NATIVE-GRAPH/NATIVE-V1-AB-INTEGRATE-ACCEPT-00/PREREGISTER_SEAL_SHA256.txt	6B1CD666DD9CBC7CCEA1FAE3FF15A20C67DE6D887FD0160EF188DFB26CEA11D9
147	results/A7-NATIVE-GRAPH/NATIVE-V1-AB-INTEGRATE-ACCEPT-00/native_v1_ab_mig_xsim.prj	9A44AF652D018C49C2DD1AA1667F1F91B2665864338E8C97121A2C07A6799347
148	results/A7-NATIVE-GRAPH/STATUS/E1_COFIT_CHECKLIST.md	644FC002541D0D8EFF33B9D6790DEE38B1B37EF415C1DBA07D2DD51D68A33ACC
149	results/A7-NATIVE-GRAPH/STATUS/E2_BOARD_EXISTENCE_RUNBOOK.md	997E651DF5DCD33ACBE0B4226707997DD7DEC4082007B3090450900E6E69DA07
150	results/A7-NATIVE-GRAPH/STATUS/VERIFY_DISPATCH_READY.md	C131ABDA5076751A97685AF695D586AF481D6E2B9694A79B4CB92C985A01E512
151	.agents/handoff/PROMPT_CURSOR_PARALLEL_BOARD_LANE.md	B25EB1B5D852311F0CD1D43D820CEA623B89766D90B087285940CF1CF1D8162D
