hier_cell	owner	ref	ram_mode	READ_WIDTH_A	READ_WIDTH_B	WRITE_WIDTH_A	WRITE_WIDTH_B	DOA_REG	DOB_REG	EN_ECC_READ	EN_ECC_WRITE	clk_nets	addr_a_sig_count	addr_b_sig_count	en_nets	we_sig_count	di_signal_count	do_signal_count	dip_signal	dip_const	dip_unconnected	dop_signal	dop_const	dop_unconnected	dip_nets_summary	dop_nets_summary	control_group_key	class_hint	classification	tags
u_a/mem_reg_0	u_a	RAMB36E1	SDP	72	0	0	72	0	0	0	0	u_a/ui_clk	8	8		1	64	64	8	0	0	8	0	0	S:DIPADIP[3]=wr_data[67],S:DIPADIP[2]=wr_data[66],S:DIPADIP[1]=wr_data[65],S:DIPADIP[0]=wr_data[64],S:DIPBDIP[3]=wr_data[71],S:DIPBDIP[2]=wr_data[70],S:DIPBDIP[1]=wr_data[69],S:DIPBDIP[0]=wr_data[68]	S:DOPADOP[3]=a_rd_data[67],S:DOPADOP[2]=a_rd_data[66],S:DOPADOP[1]=a_rd_data[65],S:DOPADOP[0]=a_rd_data[64],S:DOPBDOP[3]=a_rd_data[71],S:DOPBDOP[2]=a_rd_data[70],S:DOPBDOP[1]=a_rd_data[69],S:DOPBDOP[0]=a_rd_data[68]	u_a|SDP|rw72|CLK={u_a/ui_clk}|ADRA_HASH=8	FULL_X72_PAYLOAD	FULL_X72_PAYLOAD	PARITY_USED_AS_PAYLOAD
u_a/mem_reg_1	u_a	RAMB36E1	SDP	72	0	0	72	0	0	0	0	u_a/ui_clk	8	8		1	56	56	0	8	0	0	0	8	C:DIPADIP[3],C:DIPADIP[2],C:DIPADIP[1],C:DIPADIP[0],C:DIPBDIP[3],C:DIPBDIP[2],C:DIPBDIP[1],C:DIPBDIP[0]		u_a|SDP|rw72|CLK={u_a/ui_clk}|ADRA_HASH=8	UNKNOWN	WIDTH_BOUND	PARITY_UNUSED_NO_TILE_GAIN;TAIL_FRAGMENT_32b_IN_X72_SHELL
u_core/u_a/mem_reg_0_0	u_a	RAMB36E1	TDP	1	1	1	1	0	0	0	0	u_core/u_a/clk50	16	16	u_core/u_a/mem_reg_3_7_0	1	1	0	0	6	2	0	0	8	C:DIPADIP[3],C:DIPADIP[2],C:DIPADIP[1],C:DIPBDIP[3],C:DIPBDIP[2],C:DIPBDIP[1]		u_a|TDP|rw1|CLK={u_core/u_a/clk50}|ADRA_HASH=16	BIT_SLICED_PORT_BOUND	BIT_SLICED_PORT_BOUND	PARITY_UNUSED_NO_TILE_GAIN
u_core/u_a/mem_reg_0_1	u_a	RAMB36E1	TDP	1	1	1	1	0	0	0	0	u_core/u_a/clk50	16	16	u_core/u_a/mem_reg_3_7_0	1	1	0	0	6	2	0	0	8	C:DIPADIP[3],C:DIPADIP[2],C:DIPADIP[1],C:DIPBDIP[3],C:DIPBDIP[2],C:DIPBDIP[1]		u_a|TDP|rw1|CLK={u_core/u_a/clk50}|ADRA_HASH=16	BIT_SLICED_PORT_BOUND	BIT_SLICED_PORT_BOUND	PARITY_UNUSED_NO_TILE_GAIN
u_core/u_a/mem_reg_0_10	u_a	RAMB36E1	TDP	1	1	1	1	0	0	0	0	u_core/u_a/clk50	16	16	u_core/u_a/mem_reg_3_7_0	1	1	0	0	6	2	0	0	8	C:DIPADIP[3],C:DIPADIP[2],C:DIPADIP[1],C:DIPBDIP[3],C:DIPBDIP[2],C:DIPBDIP[1]		u_a|TDP|rw1|CLK={u_core/u_a/clk50}|ADRA_HASH=16	BIT_SLICED_PORT_BOUND	BIT_SLICED_PORT_BOUND	PARITY_UNUSED_NO_TILE_GAIN
u_core/u_a/mem_reg_0_11	u_a	RAMB36E1	TDP	1	1	1	1	0	0	0	0	u_core/u_a/clk50	16	16	u_core/u_a/mem_reg_3_7_0	1	1	0	0	6	2	0	0	8	C:DIPADIP[3],C:DIPADIP[2],C:DIPADIP[1],C:DIPBDIP[3],C:DIPBDIP[2],C:DIPBDIP[1]		u_a|TDP|rw1|CLK={u_core/u_a/clk50}|ADRA_HASH=16	BIT_SLICED_PORT_BOUND	BIT_SLICED_PORT_BOUND	PARITY_UNUSED_NO_TILE_GAIN
u_core/u_a/mem_reg_0_12	u_a	RAMB36E1	TDP	1	1	1	1	0	0	0	0	u_core/u_a/clk50	16	16	u_core/u_a/mem_reg_3_7_0	1	1	0	0	6	2	0	0	8	C:DIPADIP[3],C:DIPADIP[2],C:DIPADIP[1],C:DIPBDIP[3],C:DIPBDIP[2],C:DIPBDIP[1]		u_a|TDP|rw1|CLK={u_core/u_a/clk50}|ADRA_HASH=16	BIT_SLICED_PORT_BOUND	BIT_SLICED_PORT_BOUND	PARITY_UNUSED_NO_TILE_GAIN
u_core/u_a/mem_reg_0_13	u_a	RAMB36E1	TDP	1	1	1	1	0	0	0	0	u_core/u_a/clk50	16	16	u_core/u_a/mem_reg_3_7_0	1	1	0	0	6	2	0	0	8	C:DIPADIP[3],C:DIPADIP[2],C:DIPADIP[1],C:DIPBDIP[3],C:DIPBDIP[2],C:DIPBDIP[1]		u_a|TDP|rw1|CLK={u_core/u_a/clk50}|ADRA_HASH=16	BIT_SLICED_PORT_BOUND	BIT_SLICED_PORT_BOUND	PARITY_UNUSED_NO_TILE_GAIN
u_core/u_a/mem_reg_0_14	u_a	RAMB36E1	TDP	1	1	1	1	0	0	0	0	u_core/u_a/clk50	16	16	u_core/u_a/mem_reg_3_7_0	1	1	0	0	6	2	0	0	8	C:DIPADIP[3],C:DIPADIP[2],C:DIPADIP[1],C:DIPBDIP[3],C:DIPBDIP[2],C:DIPBDIP[1]		u_a|TDP|rw1|CLK={u_core/u_a/clk50}|ADRA_HASH=16	BIT_SLICED_PORT_BOUND	BIT_SLICED_PORT_BOUND	PARITY_UNUSED_NO_TILE_GAIN
u_core/u_a/mem_reg_0_15	u_a	RAMB36E1	TDP	1	1	1	1	0	0	0	0	u_core/u_a/clk50	16	16	u_core/u_a/mem_reg_3_7_0	1	1	0	0	6	2	0	0	8	C:DIPADIP[3],C:DIPADIP[2],C:DIPADIP[1],C:DIPBDIP[3],C:DIPBDIP[2],C:DIPBDIP[1]		u_a|TDP|rw1|CLK={u_core/u_a/clk50}|ADRA_HASH=16	BIT_SLICED_PORT_BOUND	BIT_SLICED_PORT_BOUND	PARITY_UNUSED_NO_TILE_GAIN
u_core/u_a/mem_reg_0_2	u_a	RAMB36E1	TDP	1	1	1	1	0	0	0	0	u_core/u_a/clk50	16	16	u_core/u_a/mem_reg_3_7_0	1	1	0	0	6	2	0	0	8	C:DIPADIP[3],C:DIPADIP[2],C:DIPADIP[1],C:DIPBDIP[3],C:DIPBDIP[2],C:DIPBDIP[1]		u_a|TDP|rw1|CLK={u_core/u_a/clk50}|ADRA_HASH=16	BIT_SLICED_PORT_BOUND	BIT_SLICED_PORT_BOUND	PARITY_UNUSED_NO_TILE_GAIN
u_core/u_a/mem_reg_0_3	u_a	RAMB36E1	TDP	1	1	1	1	0	0	0	0	u_core/u_a/clk50	16	16	u_core/u_a/mem_reg_3_7_0	1	1	0	0	6	2	0	0	8	C:DIPADIP[3],C:DIPADIP[2],C:DIPADIP[1],C:DIPBDIP[3],C:DIPBDIP[2],C:DIPBDIP[1]		u_a|TDP|rw1|CLK={u_core/u_a/clk50}|ADRA_HASH=16	BIT_SLICED_PORT_BOUND	BIT_SLICED_PORT_BOUND	PARITY_UNUSED_NO_TILE_GAIN
u_core/u_a/mem_reg_0_4	u_a	RAMB36E1	TDP	1	1	1	1	0	0	0	0	u_core/u_a/clk50	16	16	u_core/u_a/mem_reg_3_7_0	1	1	0	0	6	2	0	0	8	C:DIPADIP[3],C:DIPADIP[2],C:DIPADIP[1],C:DIPBDIP[3],C:DIPBDIP[2],C:DIPBDIP[1]		u_a|TDP|rw1|CLK={u_core/u_a/clk50}|ADRA_HASH=16	BIT_SLICED_PORT_BOUND	BIT_SLICED_PORT_BOUND	PARITY_UNUSED_NO_TILE_GAIN
u_core/u_a/mem_reg_0_5	u_a	RAMB36E1	TDP	1	1	1	1	0	0	0	0	u_core/u_a/clk50	16	16	u_core/u_a/mem_reg_3_7_0	1	1	0	0	6	2	0	0	8	C:DIPADIP[3],C:DIPADIP[2],C:DIPADIP[1],C:DIPBDIP[3],C:DIPBDIP[2],C:DIPBDIP[1]		u_a|TDP|rw1|CLK={u_core/u_a/clk50}|ADRA_HASH=16	BIT_SLICED_PORT_BOUND	BIT_SLICED_PORT_BOUND	PARITY_UNUSED_NO_TILE_GAIN
u_core/u_a/mem_reg_0_6	u_a	RAMB36E1	TDP	1	1	1	1	0	0	0	0	u_core/u_a/clk50	16	16	u_core/u_a/mem_reg_3_7_0	1	1	0	0	6	2	0	0	8	C:DIPADIP[3],C:DIPADIP[2],C:DIPADIP[1],C:DIPBDIP[3],C:DIPBDIP[2],C:DIPBDIP[1]		u_a|TDP|rw1|CLK={u_core/u_a/clk50}|ADRA_HASH=16	BIT_SLICED_PORT_BOUND	BIT_SLICED_PORT_BOUND	PARITY_UNUSED_NO_TILE_GAIN
u_core/u_a/mem_reg_0_7	u_a	RAMB36E1	TDP	1	1	1	1	0	0	0	0	u_core/u_a/clk50	16	16	u_core/u_a/mem_reg_3_7_0	1	1	0	0	6	2	0	0	8	C:DIPADIP[3],C:DIPADIP[2],C:DIPADIP[1],C:DIPBDIP[3],C:DIPBDIP[2],C:DIPBDIP[1]		u_a|TDP|rw1|CLK={u_core/u_a/clk50}|ADRA_HASH=16	BIT_SLICED_PORT_BOUND	BIT_SLICED_PORT_BOUND	PARITY_UNUSED_NO_TILE_GAIN
u_core/u_a/mem_reg_0_8	u_a	RAMB36E1	TDP	1	1	1	1	0	0	0	0	u_core/u_a/clk50	16	16	u_core/u_a/mem_reg_3_7_0	1	1	0	0	6	2	0	0	8	C:DIPADIP[3],C:DIPADIP[2],C:DIPADIP[1],C:DIPBDIP[3],C:DIPBDIP[2],C:DIPBDIP[1]		u_a|TDP|rw1|CLK={u_core/u_a/clk50}|ADRA_HASH=16	BIT_SLICED_PORT_BOUND	BIT_SLICED_PORT_BOUND	PARITY_UNUSED_NO_TILE_GAIN
u_core/u_a/mem_reg_0_9	u_a	RAMB36E1	TDP	1	1	1	1	0	0	0	0	u_core/u_a/clk50	16	16	u_core/u_a/mem_reg_3_7_0	1	1	0	0	6	2	0	0	8	C:DIPADIP[3],C:DIPADIP[2],C:DIPADIP[1],C:DIPBDIP[3],C:DIPBDIP[2],C:DIPBDIP[1]		u_a|TDP|rw1|CLK={u_core/u_a/clk50}|ADRA_HASH=16	BIT_SLICED_PORT_BOUND	BIT_SLICED_PORT_BOUND	PARITY_UNUSED_NO_TILE_GAIN
u_core/u_a/mem_reg_1_0	u_a	RAMB36E1	TDP	1	1	1	1	0	0	0	0	u_core/u_a/clk50	16	16	u_core/u_a/mem_reg_3_7_0	1	1	2	0	6	2	0	0	8	C:DIPADIP[3],C:DIPADIP[2],C:DIPADIP[1],C:DIPBDIP[3],C:DIPBDIP[2],C:DIPBDIP[1]		u_a|TDP|rw1|CLK={u_core/u_a/clk50}|ADRA_HASH=16	BIT_SLICED_PORT_BOUND	BIT_SLICED_PORT_BOUND	PARITY_UNUSED_NO_TILE_GAIN
u_core/u_a/mem_reg_1_1	u_a	RAMB36E1	TDP	1	1	1	1	0	0	0	0	u_core/u_a/clk50	16	16	u_core/u_a/mem_reg_3_7_0	1	1	2	0	6	2	0	0	8	C:DIPADIP[3],C:DIPADIP[2],C:DIPADIP[1],C:DIPBDIP[3],C:DIPBDIP[2],C:DIPBDIP[1]		u_a|TDP|rw1|CLK={u_core/u_a/clk50}|ADRA_HASH=16	BIT_SLICED_PORT_BOUND	BIT_SLICED_PORT_BOUND	PARITY_UNUSED_NO_TILE_GAIN
u_core/u_a/mem_reg_1_10	u_a	RAMB36E1	TDP	1	1	1	1	0	0	0	0	u_core/u_a/clk50	16	16	u_core/u_a/mem_reg_3_7_0	1	1	2	0	6	2	0	0	8	C:DIPADIP[3],C:DIPADIP[2],C:DIPADIP[1],C:DIPBDIP[3],C:DIPBDIP[2],C:DIPBDIP[1]		u_a|TDP|rw1|CLK={u_core/u_a/clk50}|ADRA_HASH=16	BIT_SLICED_PORT_BOUND	BIT_SLICED_PORT_BOUND	PARITY_UNUSED_NO_TILE_GAIN
u_core/u_a/mem_reg_1_11	u_a	RAMB36E1	TDP	1	1	1	1	0	0	0	0	u_core/u_a/clk50	16	16	u_core/u_a/mem_reg_3_7_0	1	1	2	0	6	2	0	0	8	C:DIPADIP[3],C:DIPADIP[2],C:DIPADIP[1],C:DIPBDIP[3],C:DIPBDIP[2],C:DIPBDIP[1]		u_a|TDP|rw1|CLK={u_core/u_a/clk50}|ADRA_HASH=16	BIT_SLICED_PORT_BOUND	BIT_SLICED_PORT_BOUND	PARITY_UNUSED_NO_TILE_GAIN
u_core/u_a/mem_reg_1_12	u_a	RAMB36E1	TDP	1	1	1	1	0	0	0	0	u_core/u_a/clk50	16	16	u_core/u_a/mem_reg_3_7_0	1	1	2	0	6	2	0	0	8	C:DIPADIP[3],C:DIPADIP[2],C:DIPADIP[1],C:DIPBDIP[3],C:DIPBDIP[2],C:DIPBDIP[1]		u_a|TDP|rw1|CLK={u_core/u_a/clk50}|ADRA_HASH=16	BIT_SLICED_PORT_BOUND	BIT_SLICED_PORT_BOUND	PARITY_UNUSED_NO_TILE_GAIN
u_core/u_a/mem_reg_1_13	u_a	RAMB36E1	TDP	1	1	1	1	0	0	0	0	u_core/u_a/clk50	16	16	u_core/u_a/mem_reg_3_7_0	1	1	2	0	6	2	0	0	8	C:DIPADIP[3],C:DIPADIP[2],C:DIPADIP[1],C:DIPBDIP[3],C:DIPBDIP[2],C:DIPBDIP[1]		u_a|TDP|rw1|CLK={u_core/u_a/clk50}|ADRA_HASH=16	BIT_SLICED_PORT_BOUND	BIT_SLICED_PORT_BOUND	PARITY_UNUSED_NO_TILE_GAIN
u_core/u_a/mem_reg_1_14	u_a	RAMB36E1	TDP	1	1	1	1	0	0	0	0	u_core/u_a/clk50	16	16	u_core/u_a/mem_reg_3_7_0	1	1	2	0	6	2	0	0	8	C:DIPADIP[3],C:DIPADIP[2],C:DIPADIP[1],C:DIPBDIP[3],C:DIPBDIP[2],C:DIPBDIP[1]		u_a|TDP|rw1|CLK={u_core/u_a/clk50}|ADRA_HASH=16	BIT_SLICED_PORT_BOUND	BIT_SLICED_PORT_BOUND	PARITY_UNUSED_NO_TILE_GAIN
u_core/u_a/mem_reg_1_15	u_a	RAMB36E1	TDP	1	1	1	1	0	0	0	0	u_core/u_a/clk50	16	16	u_core/u_a/mem_reg_3_7_0	1	1	2	0	6	2	0	0	8	C:DIPADIP[3],C:DIPADIP[2],C:DIPADIP[1],C:DIPBDIP[3],C:DIPBDIP[2],C:DIPBDIP[1]		u_a|TDP|rw1|CLK={u_core/u_a/clk50}|ADRA_HASH=16	BIT_SLICED_PORT_BOUND	BIT_SLICED_PORT_BOUND	PARITY_UNUSED_NO_TILE_GAIN
u_core/u_a/mem_reg_1_2	u_a	RAMB36E1	TDP	1	1	1	1	0	0	0	0	u_core/u_a/clk50	16	16	u_core/u_a/mem_reg_3_7_0	1	1	2	0	6	2	0	0	8	C:DIPADIP[3],C:DIPADIP[2],C:DIPADIP[1],C:DIPBDIP[3],C:DIPBDIP[2],C:DIPBDIP[1]		u_a|TDP|rw1|CLK={u_core/u_a/clk50}|ADRA_HASH=16	BIT_SLICED_PORT_BOUND	BIT_SLICED_PORT_BOUND	PARITY_UNUSED_NO_TILE_GAIN
u_core/u_a/mem_reg_1_3	u_a	RAMB36E1	TDP	1	1	1	1	0	0	0	0	u_core/u_a/clk50	16	16	u_core/u_a/mem_reg_3_7_0	1	1	2	0	6	2	0	0	8	C:DIPADIP[3],C:DIPADIP[2],C:DIPADIP[1],C:DIPBDIP[3],C:DIPBDIP[2],C:DIPBDIP[1]		u_a|TDP|rw1|CLK={u_core/u_a/clk50}|ADRA_HASH=16	BIT_SLICED_PORT_BOUND	BIT_SLICED_PORT_BOUND	PARITY_UNUSED_NO_TILE_GAIN
u_core/u_a/mem_reg_1_4	u_a	RAMB36E1	TDP	1	1	1	1	0	0	0	0	u_core/u_a/clk50	16	16	u_core/u_a/mem_reg_3_7_0	1	1	2	0	6	2	0	0	8	C:DIPADIP[3],C:DIPADIP[2],C:DIPADIP[1],C:DIPBDIP[3],C:DIPBDIP[2],C:DIPBDIP[1]		u_a|TDP|rw1|CLK={u_core/u_a/clk50}|ADRA_HASH=16	BIT_SLICED_PORT_BOUND	BIT_SLICED_PORT_BOUND	PARITY_UNUSED_NO_TILE_GAIN
u_core/u_a/mem_reg_1_5	u_a	RAMB36E1	TDP	1	1	1	1	0	0	0	0	u_core/u_a/clk50	16	16	u_core/u_a/mem_reg_3_7_0	1	1	2	0	6	2	0	0	8	C:DIPADIP[3],C:DIPADIP[2],C:DIPADIP[1],C:DIPBDIP[3],C:DIPBDIP[2],C:DIPBDIP[1]		u_a|TDP|rw1|CLK={u_core/u_a/clk50}|ADRA_HASH=16	BIT_SLICED_PORT_BOUND	BIT_SLICED_PORT_BOUND	PARITY_UNUSED_NO_TILE_GAIN
u_core/u_a/mem_reg_1_6	u_a	RAMB36E1	TDP	1	1	1	1	0	0	0	0	u_core/u_a/clk50	16	16	u_core/u_a/mem_reg_3_7_0	1	1	2	0	6	2	0	0	8	C:DIPADIP[3],C:DIPADIP[2],C:DIPADIP[1],C:DIPBDIP[3],C:DIPBDIP[2],C:DIPBDIP[1]		u_a|TDP|rw1|CLK={u_core/u_a/clk50}|ADRA_HASH=16	BIT_SLICED_PORT_BOUND	BIT_SLICED_PORT_BOUND	PARITY_UNUSED_NO_TILE_GAIN
u_core/u_a/mem_reg_1_7	u_a	RAMB36E1	TDP	1	1	1	1	0	0	0	0	u_core/u_a/clk50	16	16	u_core/u_a/mem_reg_3_7_0	1	1	2	0	6	2	0	0	8	C:DIPADIP[3],C:DIPADIP[2],C:DIPADIP[1],C:DIPBDIP[3],C:DIPBDIP[2],C:DIPBDIP[1]		u_a|TDP|rw1|CLK={u_core/u_a/clk50}|ADRA_HASH=16	BIT_SLICED_PORT_BOUND	BIT_SLICED_PORT_BOUND	PARITY_UNUSED_NO_TILE_GAIN
u_core/u_a/mem_reg_1_8	u_a	RAMB36E1	TDP	1	1	1	1	0	0	0	0	u_core/u_a/clk50	16	16	u_core/u_a/mem_reg_3_7_0	1	1	2	0	6	2	0	0	8	C:DIPADIP[3],C:DIPADIP[2],C:DIPADIP[1],C:DIPBDIP[3],C:DIPBDIP[2],C:DIPBDIP[1]		u_a|TDP|rw1|CLK={u_core/u_a/clk50}|ADRA_HASH=16	BIT_SLICED_PORT_BOUND	BIT_SLICED_PORT_BOUND	PARITY_UNUSED_NO_TILE_GAIN
u_core/u_a/mem_reg_1_9	u_a	RAMB36E1	TDP	1	1	1	1	0	0	0	0	u_core/u_a/clk50	16	16	u_core/u_a/mem_reg_3_7_0	1	1	2	0	6	2	0	0	8	C:DIPADIP[3],C:DIPADIP[2],C:DIPADIP[1],C:DIPBDIP[3],C:DIPBDIP[2],C:DIPBDIP[1]		u_a|TDP|rw1|CLK={u_core/u_a/clk50}|ADRA_HASH=16	BIT_SLICED_PORT_BOUND	BIT_SLICED_PORT_BOUND	PARITY_UNUSED_NO_TILE_GAIN
u_core/u_a/mem_reg_2_0	u_a	RAMB36E1	TDP	1	1	1	1	0	0	0	0	u_core/u_a/clk50	16	16	u_core/u_a/mem_reg_3_7_0	1	1	0	0	6	2	0	0	8	C:DIPADIP[3],C:DIPADIP[2],C:DIPADIP[1],C:DIPBDIP[3],C:DIPBDIP[2],C:DIPBDIP[1]		u_a|TDP|rw1|CLK={u_core/u_a/clk50}|ADRA_HASH=16	BIT_SLICED_PORT_BOUND	BIT_SLICED_PORT_BOUND	PARITY_UNUSED_NO_TILE_GAIN
u_core/u_a/mem_reg_2_1	u_a	RAMB36E1	TDP	1	1	1	1	0	0	0	0	u_core/u_a/clk50	16	16	u_core/u_a/mem_reg_3_7_0	1	1	0	0	6	2	0	0	8	C:DIPADIP[3],C:DIPADIP[2],C:DIPADIP[1],C:DIPBDIP[3],C:DIPBDIP[2],C:DIPBDIP[1]		u_a|TDP|rw1|CLK={u_core/u_a/clk50}|ADRA_HASH=16	BIT_SLICED_PORT_BOUND	BIT_SLICED_PORT_BOUND	PARITY_UNUSED_NO_TILE_GAIN
u_core/u_a/mem_reg_2_10	u_a	RAMB36E1	TDP	1	1	1	1	0	0	0	0	u_core/u_a/clk50	16	16	u_core/u_a/mem_reg_3_15_1[0]	1	1	0	0	6	2	0	0	8	C:DIPADIP[3],C:DIPADIP[2],C:DIPADIP[1],C:DIPBDIP[3],C:DIPBDIP[2],C:DIPBDIP[1]		u_a|TDP|rw1|CLK={u_core/u_a/clk50}|ADRA_HASH=16	BIT_SLICED_PORT_BOUND	BIT_SLICED_PORT_BOUND	PARITY_UNUSED_NO_TILE_GAIN
u_core/u_a/mem_reg_2_11	u_a	RAMB36E1	TDP	1	1	1	1	0	0	0	0	u_core/u_a/clk50	16	16	u_core/u_a/mem_reg_3_15_1[0]	1	1	0	0	6	2	0	0	8	C:DIPADIP[3],C:DIPADIP[2],C:DIPADIP[1],C:DIPBDIP[3],C:DIPBDIP[2],C:DIPBDIP[1]		u_a|TDP|rw1|CLK={u_core/u_a/clk50}|ADRA_HASH=16	BIT_SLICED_PORT_BOUND	BIT_SLICED_PORT_BOUND	PARITY_UNUSED_NO_TILE_GAIN
u_core/u_a/mem_reg_2_12	u_a	RAMB36E1	TDP	1	1	1	1	0	0	0	0	u_core/u_a/clk50	16	16	u_core/u_a/mem_reg_3_15_1[0]	1	1	0	0	6	2	0	0	8	C:DIPADIP[3],C:DIPADIP[2],C:DIPADIP[1],C:DIPBDIP[3],C:DIPBDIP[2],C:DIPBDIP[1]		u_a|TDP|rw1|CLK={u_core/u_a/clk50}|ADRA_HASH=16	BIT_SLICED_PORT_BOUND	BIT_SLICED_PORT_BOUND	PARITY_UNUSED_NO_TILE_GAIN
u_core/u_a/mem_reg_2_13	u_a	RAMB36E1	TDP	1	1	1	1	0	0	0	0	u_core/u_a/clk50	16	16	u_core/u_a/mem_reg_3_15_1[0]	1	1	0	0	6	2	0	0	8	C:DIPADIP[3],C:DIPADIP[2],C:DIPADIP[1],C:DIPBDIP[3],C:DIPBDIP[2],C:DIPBDIP[1]		u_a|TDP|rw1|CLK={u_core/u_a/clk50}|ADRA_HASH=16	BIT_SLICED_PORT_BOUND	BIT_SLICED_PORT_BOUND	PARITY_UNUSED_NO_TILE_GAIN
u_core/u_a/mem_reg_2_14	u_a	RAMB36E1	TDP	1	1	1	1	0	0	0	0	u_core/u_a/clk50	16	16	u_core/u_a/mem_reg_3_15_1[0]	1	1	0	0	6	2	0	0	8	C:DIPADIP[3],C:DIPADIP[2],C:DIPADIP[1],C:DIPBDIP[3],C:DIPBDIP[2],C:DIPBDIP[1]		u_a|TDP|rw1|CLK={u_core/u_a/clk50}|ADRA_HASH=16	BIT_SLICED_PORT_BOUND	BIT_SLICED_PORT_BOUND	PARITY_UNUSED_NO_TILE_GAIN
u_core/u_a/mem_reg_2_15	u_a	RAMB36E1	TDP	1	1	1	1	0	0	0	0	u_core/u_a/clk50	16	16	u_core/u_a/mem_reg_3_15_1[0]	1	1	0	0	6	2	0	0	8	C:DIPADIP[3],C:DIPADIP[2],C:DIPADIP[1],C:DIPBDIP[3],C:DIPBDIP[2],C:DIPBDIP[1]		u_a|TDP|rw1|CLK={u_core/u_a/clk50}|ADRA_HASH=16	BIT_SLICED_PORT_BOUND	BIT_SLICED_PORT_BOUND	PARITY_UNUSED_NO_TILE_GAIN
u_core/u_a/mem_reg_2_2	u_a	RAMB36E1	TDP	1	1	1	1	0	0	0	0	u_core/u_a/clk50	16	16	u_core/u_a/mem_reg_3_7_0	1	1	0	0	6	2	0	0	8	C:DIPADIP[3],C:DIPADIP[2],C:DIPADIP[1],C:DIPBDIP[3],C:DIPBDIP[2],C:DIPBDIP[1]		u_a|TDP|rw1|CLK={u_core/u_a/clk50}|ADRA_HASH=16	BIT_SLICED_PORT_BOUND	BIT_SLICED_PORT_BOUND	PARITY_UNUSED_NO_TILE_GAIN
u_core/u_a/mem_reg_2_3	u_a	RAMB36E1	TDP	1	1	1	1	0	0	0	0	u_core/u_a/clk50	16	16	u_core/u_a/mem_reg_3_7_0	1	1	0	0	6	2	0	0	8	C:DIPADIP[3],C:DIPADIP[2],C:DIPADIP[1],C:DIPBDIP[3],C:DIPBDIP[2],C:DIPBDIP[1]		u_a|TDP|rw1|CLK={u_core/u_a/clk50}|ADRA_HASH=16	BIT_SLICED_PORT_BOUND	BIT_SLICED_PORT_BOUND	PARITY_UNUSED_NO_TILE_GAIN
u_core/u_a/mem_reg_2_4	u_a	RAMB36E1	TDP	1	1	1	1	0	0	0	0	u_core/u_a/clk50	16	16	u_core/u_a/mem_reg_3_7_0	1	1	0	0	6	2	0	0	8	C:DIPADIP[3],C:DIPADIP[2],C:DIPADIP[1],C:DIPBDIP[3],C:DIPBDIP[2],C:DIPBDIP[1]		u_a|TDP|rw1|CLK={u_core/u_a/clk50}|ADRA_HASH=16	BIT_SLICED_PORT_BOUND	BIT_SLICED_PORT_BOUND	PARITY_UNUSED_NO_TILE_GAIN
u_core/u_a/mem_reg_2_5	u_a	RAMB36E1	TDP	1	1	1	1	0	0	0	0	u_core/u_a/clk50	16	16	u_core/u_a/mem_reg_3_7_0	1	1	0	0	6	2	0	0	8	C:DIPADIP[3],C:DIPADIP[2],C:DIPADIP[1],C:DIPBDIP[3],C:DIPBDIP[2],C:DIPBDIP[1]		u_a|TDP|rw1|CLK={u_core/u_a/clk50}|ADRA_HASH=16	BIT_SLICED_PORT_BOUND	BIT_SLICED_PORT_BOUND	PARITY_UNUSED_NO_TILE_GAIN
u_core/u_a/mem_reg_2_6	u_a	RAMB36E1	TDP	1	1	1	1	0	0	0	0	u_core/u_a/clk50	16	16	u_core/u_a/mem_reg_3_7_0	1	1	0	0	6	2	0	0	8	C:DIPADIP[3],C:DIPADIP[2],C:DIPADIP[1],C:DIPBDIP[3],C:DIPBDIP[2],C:DIPBDIP[1]		u_a|TDP|rw1|CLK={u_core/u_a/clk50}|ADRA_HASH=16	BIT_SLICED_PORT_BOUND	BIT_SLICED_PORT_BOUND	PARITY_UNUSED_NO_TILE_GAIN
u_core/u_a/mem_reg_2_7	u_a	RAMB36E1	TDP	1	1	1	1	0	0	0	0	u_core/u_a/clk50	16	16	u_core/u_a/mem_reg_3_15_1[0]	1	1	0	0	6	2	0	0	8	C:DIPADIP[3],C:DIPADIP[2],C:DIPADIP[1],C:DIPBDIP[3],C:DIPBDIP[2],C:DIPBDIP[1]		u_a|TDP|rw1|CLK={u_core/u_a/clk50}|ADRA_HASH=16	BIT_SLICED_PORT_BOUND	BIT_SLICED_PORT_BOUND	PARITY_UNUSED_NO_TILE_GAIN
u_core/u_a/mem_reg_2_8	u_a	RAMB36E1	TDP	1	1	1	1	0	0	0	0	u_core/u_a/clk50	16	16	u_core/u_a/mem_reg_3_15_1[0]	1	1	0	0	6	2	0	0	8	C:DIPADIP[3],C:DIPADIP[2],C:DIPADIP[1],C:DIPBDIP[3],C:DIPBDIP[2],C:DIPBDIP[1]		u_a|TDP|rw1|CLK={u_core/u_a/clk50}|ADRA_HASH=16	BIT_SLICED_PORT_BOUND	BIT_SLICED_PORT_BOUND	PARITY_UNUSED_NO_TILE_GAIN
u_core/u_a/mem_reg_2_9	u_a	RAMB36E1	TDP	1	1	1	1	0	0	0	0	u_core/u_a/clk50	16	16	u_core/u_a/mem_reg_3_15_1[0]	1	1	0	0	6	2	0	0	8	C:DIPADIP[3],C:DIPADIP[2],C:DIPADIP[1],C:DIPBDIP[3],C:DIPBDIP[2],C:DIPBDIP[1]		u_a|TDP|rw1|CLK={u_core/u_a/clk50}|ADRA_HASH=16	BIT_SLICED_PORT_BOUND	BIT_SLICED_PORT_BOUND	PARITY_UNUSED_NO_TILE_GAIN
u_core/u_a/mem_reg_3_0	u_a	RAMB36E1	TDP	1	1	1	1	0	0	0	0	u_core/u_a/clk50	16	16	u_core/u_a/mem_reg_3_7_0	1	1	1	0	6	2	0	0	8	C:DIPADIP[3],C:DIPADIP[2],C:DIPADIP[1],C:DIPBDIP[3],C:DIPBDIP[2],C:DIPBDIP[1]		u_a|TDP|rw1|CLK={u_core/u_a/clk50}|ADRA_HASH=16	BIT_SLICED_PORT_BOUND	BIT_SLICED_PORT_BOUND	PARITY_UNUSED_NO_TILE_GAIN
u_core/u_a/mem_reg_3_1	u_a	RAMB36E1	TDP	1	1	1	1	0	0	0	0	u_core/u_a/clk50	16	16	u_core/u_a/mem_reg_3_7_0	1	1	1	0	6	2	0	0	8	C:DIPADIP[3],C:DIPADIP[2],C:DIPADIP[1],C:DIPBDIP[3],C:DIPBDIP[2],C:DIPBDIP[1]		u_a|TDP|rw1|CLK={u_core/u_a/clk50}|ADRA_HASH=16	BIT_SLICED_PORT_BOUND	BIT_SLICED_PORT_BOUND	PARITY_UNUSED_NO_TILE_GAIN
u_core/u_a/mem_reg_3_10	u_a	RAMB36E1	TDP	1	1	1	1	0	0	0	0	u_core/u_a/clk50	16	16	u_core/u_a/mem_reg_3_15_1[0]	1	1	1	0	6	2	0	0	8	C:DIPADIP[3],C:DIPADIP[2],C:DIPADIP[1],C:DIPBDIP[3],C:DIPBDIP[2],C:DIPBDIP[1]		u_a|TDP|rw1|CLK={u_core/u_a/clk50}|ADRA_HASH=16	BIT_SLICED_PORT_BOUND	BIT_SLICED_PORT_BOUND	PARITY_UNUSED_NO_TILE_GAIN
u_core/u_a/mem_reg_3_11	u_a	RAMB36E1	TDP	1	1	1	1	0	0	0	0	u_core/u_a/clk50	16	16	u_core/u_a/mem_reg_3_15_1[0]	1	1	1	0	6	2	0	0	8	C:DIPADIP[3],C:DIPADIP[2],C:DIPADIP[1],C:DIPBDIP[3],C:DIPBDIP[2],C:DIPBDIP[1]		u_a|TDP|rw1|CLK={u_core/u_a/clk50}|ADRA_HASH=16	BIT_SLICED_PORT_BOUND	BIT_SLICED_PORT_BOUND	PARITY_UNUSED_NO_TILE_GAIN
u_core/u_a/mem_reg_3_12	u_a	RAMB36E1	TDP	1	1	1	1	0	0	0	0	u_core/u_a/clk50	16	16	u_core/u_a/mem_reg_3_15_1[0]	1	1	1	0	6	2	0	0	8	C:DIPADIP[3],C:DIPADIP[2],C:DIPADIP[1],C:DIPBDIP[3],C:DIPBDIP[2],C:DIPBDIP[1]		u_a|TDP|rw1|CLK={u_core/u_a/clk50}|ADRA_HASH=16	BIT_SLICED_PORT_BOUND	BIT_SLICED_PORT_BOUND	PARITY_UNUSED_NO_TILE_GAIN
u_core/u_a/mem_reg_3_13	u_a	RAMB36E1	TDP	1	1	1	1	0	0	0	0	u_core/u_a/clk50	16	16	u_core/u_a/mem_reg_3_15_1[0]	1	1	1	0	6	2	0	0	8	C:DIPADIP[3],C:DIPADIP[2],C:DIPADIP[1],C:DIPBDIP[3],C:DIPBDIP[2],C:DIPBDIP[1]		u_a|TDP|rw1|CLK={u_core/u_a/clk50}|ADRA_HASH=16	BIT_SLICED_PORT_BOUND	BIT_SLICED_PORT_BOUND	PARITY_UNUSED_NO_TILE_GAIN
u_core/u_a/mem_reg_3_14	u_a	RAMB36E1	TDP	1	1	1	1	0	0	0	0	u_core/u_a/clk50	16	16	u_core/u_a/mem_reg_3_15_1[0]	1	1	1	0	6	2	0	0	8	C:DIPADIP[3],C:DIPADIP[2],C:DIPADIP[1],C:DIPBDIP[3],C:DIPBDIP[2],C:DIPBDIP[1]		u_a|TDP|rw1|CLK={u_core/u_a/clk50}|ADRA_HASH=16	BIT_SLICED_PORT_BOUND	BIT_SLICED_PORT_BOUND	PARITY_UNUSED_NO_TILE_GAIN
u_core/u_a/mem_reg_3_15	u_a	RAMB36E1	TDP	1	1	1	1	0	0	0	0	u_core/u_a/clk50	16	16	u_core/u_a/mem_reg_3_15_1[0]	1	1	1	0	6	2	0	0	8	C:DIPADIP[3],C:DIPADIP[2],C:DIPADIP[1],C:DIPBDIP[3],C:DIPBDIP[2],C:DIPBDIP[1]		u_a|TDP|rw1|CLK={u_core/u_a/clk50}|ADRA_HASH=16	BIT_SLICED_PORT_BOUND	BIT_SLICED_PORT_BOUND	PARITY_UNUSED_NO_TILE_GAIN
u_core/u_a/mem_reg_3_2	u_a	RAMB36E1	TDP	1	1	1	1	0	0	0	0	u_core/u_a/clk50	16	16	u_core/u_a/mem_reg_3_7_0	1	1	1	0	6	2	0	0	8	C:DIPADIP[3],C:DIPADIP[2],C:DIPADIP[1],C:DIPBDIP[3],C:DIPBDIP[2],C:DIPBDIP[1]		u_a|TDP|rw1|CLK={u_core/u_a/clk50}|ADRA_HASH=16	BIT_SLICED_PORT_BOUND	BIT_SLICED_PORT_BOUND	PARITY_UNUSED_NO_TILE_GAIN
u_core/u_a/mem_reg_3_3	u_a	RAMB36E1	TDP	1	1	1	1	0	0	0	0	u_core/u_a/clk50	16	16	u_core/u_a/mem_reg_3_7_0	1	1	1	0	6	2	0	0	8	C:DIPADIP[3],C:DIPADIP[2],C:DIPADIP[1],C:DIPBDIP[3],C:DIPBDIP[2],C:DIPBDIP[1]		u_a|TDP|rw1|CLK={u_core/u_a/clk50}|ADRA_HASH=16	BIT_SLICED_PORT_BOUND	BIT_SLICED_PORT_BOUND	PARITY_UNUSED_NO_TILE_GAIN
u_core/u_a/mem_reg_3_4	u_a	RAMB36E1	TDP	1	1	1	1	0	0	0	0	u_core/u_a/clk50	16	16	u_core/u_a/mem_reg_3_7_0	1	1	1	0	6	2	0	0	8	C:DIPADIP[3],C:DIPADIP[2],C:DIPADIP[1],C:DIPBDIP[3],C:DIPBDIP[2],C:DIPBDIP[1]		u_a|TDP|rw1|CLK={u_core/u_a/clk50}|ADRA_HASH=16	BIT_SLICED_PORT_BOUND	BIT_SLICED_PORT_BOUND	PARITY_UNUSED_NO_TILE_GAIN
u_core/u_a/mem_reg_3_5	u_a	RAMB36E1	TDP	1	1	1	1	0	0	0	0	u_core/u_a/clk50	16	16	u_core/u_a/mem_reg_3_7_0	1	1	1	0	6	2	0	0	8	C:DIPADIP[3],C:DIPADIP[2],C:DIPADIP[1],C:DIPBDIP[3],C:DIPBDIP[2],C:DIPBDIP[1]		u_a|TDP|rw1|CLK={u_core/u_a/clk50}|ADRA_HASH=16	BIT_SLICED_PORT_BOUND	BIT_SLICED_PORT_BOUND	PARITY_UNUSED_NO_TILE_GAIN
u_core/u_a/mem_reg_3_6	u_a	RAMB36E1	TDP	1	1	1	1	0	0	0	0	u_core/u_a/clk50	16	16	u_core/u_a/mem_reg_3_7_0	1	1	1	0	6	2	0	0	8	C:DIPADIP[3],C:DIPADIP[2],C:DIPADIP[1],C:DIPBDIP[3],C:DIPBDIP[2],C:DIPBDIP[1]		u_a|TDP|rw1|CLK={u_core/u_a/clk50}|ADRA_HASH=16	BIT_SLICED_PORT_BOUND	BIT_SLICED_PORT_BOUND	PARITY_UNUSED_NO_TILE_GAIN
u_core/u_a/mem_reg_3_7	u_a	RAMB36E1	TDP	1	1	1	1	0	0	0	0	u_core/u_a/clk50	16	16	u_core/u_a/mem_reg_3_7_0	1	1	1	0	6	2	0	0	8	C:DIPADIP[3],C:DIPADIP[2],C:DIPADIP[1],C:DIPBDIP[3],C:DIPBDIP[2],C:DIPBDIP[1]		u_a|TDP|rw1|CLK={u_core/u_a/clk50}|ADRA_HASH=16	BIT_SLICED_PORT_BOUND	BIT_SLICED_PORT_BOUND	PARITY_UNUSED_NO_TILE_GAIN
u_core/u_a/mem_reg_3_8	u_a	RAMB36E1	TDP	1	1	1	1	0	0	0	0	u_core/u_a/clk50	16	16	u_core/u_a/mem_reg_3_15_1[0]	1	1	1	0	6	2	0	0	8	C:DIPADIP[3],C:DIPADIP[2],C:DIPADIP[1],C:DIPBDIP[3],C:DIPBDIP[2],C:DIPBDIP[1]		u_a|TDP|rw1|CLK={u_core/u_a/clk50}|ADRA_HASH=16	BIT_SLICED_PORT_BOUND	BIT_SLICED_PORT_BOUND	PARITY_UNUSED_NO_TILE_GAIN
u_core/u_a/mem_reg_3_9	u_a	RAMB36E1	TDP	1	1	1	1	0	0	0	0	u_core/u_a/clk50	16	16	u_core/u_a/mem_reg_3_15_1[0]	1	1	1	0	6	2	0	0	8	C:DIPADIP[3],C:DIPADIP[2],C:DIPADIP[1],C:DIPBDIP[3],C:DIPBDIP[2],C:DIPBDIP[1]		u_a|TDP|rw1|CLK={u_core/u_a/clk50}|ADRA_HASH=16	BIT_SLICED_PORT_BOUND	BIT_SLICED_PORT_BOUND	PARITY_UNUSED_NO_TILE_GAIN
u_core/u_snap/mem_reg_0	u_snap	RAMB36E1	TDP	9	9	9	9	0	0	0	0	u_core/u_snap/clk50	12	12	u_core/u_snap/we	0	8	8	1	7	0	1	0	7	C:DIPADIP[3],C:DIPADIP[2],C:DIPADIP[1],S:DIPADIP[0]=mem_reg_1_0[8],C:DIPBDIP[3],C:DIPBDIP[2],C:DIPBDIP[1],C:DIPBDIP[0]	S:DOPBDOP[0]=rdata[8]	u_snap|TDP|rw9|CLK={u_core/u_snap/clk50}|ADRA_HASH=12	PARITY_USED	PARITY_USED	X9_ASPECT
u_core/u_snap/mem_reg_1	u_snap	RAMB36E1	TDP	9	9	9	9	0	0	0	0	u_core/u_snap/clk50	12	12	u_core/u_snap/we	0	7	7	0	8	0	0	0	8	C:DIPADIP[3],C:DIPADIP[2],C:DIPADIP[1],C:DIPADIP[0],C:DIPBDIP[3],C:DIPBDIP[2],C:DIPBDIP[1],C:DIPBDIP[0]		u_snap|TDP|rw9|CLK={u_core/u_snap/clk50}|ADRA_HASH=12	UNKNOWN	UNKNOWN	
u_core/u_w/TILE.u_bank/mem_reg_0_0	u_w	RAMB36E1	TDP	1	1	1	1	0	0	0	0	u_core/u_w/TILE.u_bank/clk50	16	16	u_core/u_w/TILE.u_bank/mem_reg_0_0_i_1_n_0,u_core/u_w/TILE.u_bank/mem_reg_0_0_i_2_n_0	1	1	0	0	6	2	0	0	8	C:DIPADIP[3],C:DIPADIP[2],C:DIPADIP[1],C:DIPBDIP[3],C:DIPBDIP[2],C:DIPBDIP[1]		u_w|TDP|rw1|CLK={u_core/u_w/TILE.u_bank/clk50}|ADRA_HASH=16	BIT_SLICED_PORT_BOUND	BIT_SLICED_PORT_BOUND	PARITY_UNUSED_NO_TILE_GAIN
u_core/u_w/TILE.u_bank/mem_reg_0_1	u_w	RAMB36E1	TDP	1	1	1	1	0	0	0	0	u_core/u_w/TILE.u_bank/clk50	16	16	u_core/u_w/TILE.u_bank/mem_reg_0_0_i_1_n_0,u_core/u_w/TILE.u_bank/mem_reg_0_0_i_2_n_0	1	1	0	0	6	2	0	0	8	C:DIPADIP[3],C:DIPADIP[2],C:DIPADIP[1],C:DIPBDIP[3],C:DIPBDIP[2],C:DIPBDIP[1]		u_w|TDP|rw1|CLK={u_core/u_w/TILE.u_bank/clk50}|ADRA_HASH=16	BIT_SLICED_PORT_BOUND	BIT_SLICED_PORT_BOUND	PARITY_UNUSED_NO_TILE_GAIN
u_core/u_w/TILE.u_bank/mem_reg_0_2	u_w	RAMB36E1	TDP	1	1	1	1	0	0	0	0	u_core/u_w/TILE.u_bank/clk50	16	16	u_core/u_w/TILE.u_bank/mem_reg_0_0_i_1_n_0,u_core/u_w/TILE.u_bank/mem_reg_0_0_i_2_n_0	1	1	0	0	6	2	0	0	8	C:DIPADIP[3],C:DIPADIP[2],C:DIPADIP[1],C:DIPBDIP[3],C:DIPBDIP[2],C:DIPBDIP[1]		u_w|TDP|rw1|CLK={u_core/u_w/TILE.u_bank/clk50}|ADRA_HASH=16	BIT_SLICED_PORT_BOUND	BIT_SLICED_PORT_BOUND	PARITY_UNUSED_NO_TILE_GAIN
u_core/u_w/TILE.u_bank/mem_reg_0_3	u_w	RAMB36E1	TDP	1	1	1	1	0	0	0	0	u_core/u_w/TILE.u_bank/clk50	16	16	u_core/u_w/TILE.u_bank/mem_reg_0_0_i_1_n_0,u_core/u_w/TILE.u_bank/mem_reg_0_0_i_2_n_0	1	1	0	0	6	2	0	0	8	C:DIPADIP[3],C:DIPADIP[2],C:DIPADIP[1],C:DIPBDIP[3],C:DIPBDIP[2],C:DIPBDIP[1]		u_w|TDP|rw1|CLK={u_core/u_w/TILE.u_bank/clk50}|ADRA_HASH=16	BIT_SLICED_PORT_BOUND	BIT_SLICED_PORT_BOUND	PARITY_UNUSED_NO_TILE_GAIN
u_core/u_w/TILE.u_bank/mem_reg_0_4	u_w	RAMB36E1	TDP	1	1	1	1	0	0	0	0	u_core/u_w/TILE.u_bank/clk50	16	16	u_core/u_w/TILE.u_bank/mem_reg_0_0_i_1_n_0,u_core/u_w/TILE.u_bank/mem_reg_0_0_i_2_n_0	1	1	0	0	6	2	0	0	8	C:DIPADIP[3],C:DIPADIP[2],C:DIPADIP[1],C:DIPBDIP[3],C:DIPBDIP[2],C:DIPBDIP[1]		u_w|TDP|rw1|CLK={u_core/u_w/TILE.u_bank/clk50}|ADRA_HASH=16	BIT_SLICED_PORT_BOUND	BIT_SLICED_PORT_BOUND	PARITY_UNUSED_NO_TILE_GAIN
u_core/u_w/TILE.u_bank/mem_reg_0_5	u_w	RAMB36E1	TDP	1	1	1	1	0	0	0	0	u_core/u_w/TILE.u_bank/clk50	16	16	u_core/u_w/TILE.u_bank/mem_reg_0_0_i_1_n_0,u_core/u_w/TILE.u_bank/mem_reg_0_0_i_2_n_0	1	1	0	0	6	2	0	0	8	C:DIPADIP[3],C:DIPADIP[2],C:DIPADIP[1],C:DIPBDIP[3],C:DIPBDIP[2],C:DIPBDIP[1]		u_w|TDP|rw1|CLK={u_core/u_w/TILE.u_bank/clk50}|ADRA_HASH=16	BIT_SLICED_PORT_BOUND	BIT_SLICED_PORT_BOUND	PARITY_UNUSED_NO_TILE_GAIN
u_core/u_w/TILE.u_bank/mem_reg_0_6	u_w	RAMB36E1	TDP	1	1	1	1	0	0	0	0	u_core/u_w/TILE.u_bank/clk50	16	16	u_core/u_w/TILE.u_bank/mem_reg_0_0_i_1_n_0,u_core/u_w/TILE.u_bank/mem_reg_0_0_i_2_n_0	1	1	0	0	6	2	0	0	8	C:DIPADIP[3],C:DIPADIP[2],C:DIPADIP[1],C:DIPBDIP[3],C:DIPBDIP[2],C:DIPBDIP[1]		u_w|TDP|rw1|CLK={u_core/u_w/TILE.u_bank/clk50}|ADRA_HASH=16	BIT_SLICED_PORT_BOUND	BIT_SLICED_PORT_BOUND	PARITY_UNUSED_NO_TILE_GAIN
u_core/u_w/TILE.u_bank/mem_reg_0_7	u_w	RAMB36E1	TDP	1	1	1	1	0	0	0	0	u_core/u_w/TILE.u_bank/clk50	16	16	u_core/u_w/TILE.u_bank/mem_reg_0_0_i_1_n_0,u_core/u_w/TILE.u_bank/mem_reg_0_0_i_2_n_0	1	1	0	0	6	2	0	0	8	C:DIPADIP[3],C:DIPADIP[2],C:DIPADIP[1],C:DIPBDIP[3],C:DIPBDIP[2],C:DIPBDIP[1]		u_w|TDP|rw1|CLK={u_core/u_w/TILE.u_bank/clk50}|ADRA_HASH=16	BIT_SLICED_PORT_BOUND	BIT_SLICED_PORT_BOUND	PARITY_UNUSED_NO_TILE_GAIN
u_core/u_w/TILE.u_bank/mem_reg_1_0	u_w	RAMB36E1	TDP	1	1	1	1	0	0	0	0	u_core/u_w/TILE.u_bank/clk50	16	16	u_core/u_w/TILE.u_bank/mem_reg_0_0_i_1_n_0,u_core/u_w/TILE.u_bank/mem_reg_0_0_i_2_n_0	1	1	1	0	6	2	0	0	8	C:DIPADIP[3],C:DIPADIP[2],C:DIPADIP[1],C:DIPBDIP[3],C:DIPBDIP[2],C:DIPBDIP[1]		u_w|TDP|rw1|CLK={u_core/u_w/TILE.u_bank/clk50}|ADRA_HASH=16	BIT_SLICED_PORT_BOUND	BIT_SLICED_PORT_BOUND	PARITY_UNUSED_NO_TILE_GAIN
u_core/u_w/TILE.u_bank/mem_reg_1_1	u_w	RAMB36E1	TDP	1	1	1	1	0	0	0	0	u_core/u_w/TILE.u_bank/clk50	16	16	u_core/u_w/TILE.u_bank/mem_reg_0_0_i_1_n_0,u_core/u_w/TILE.u_bank/mem_reg_0_0_i_2_n_0	1	1	1	0	6	2	0	0	8	C:DIPADIP[3],C:DIPADIP[2],C:DIPADIP[1],C:DIPBDIP[3],C:DIPBDIP[2],C:DIPBDIP[1]		u_w|TDP|rw1|CLK={u_core/u_w/TILE.u_bank/clk50}|ADRA_HASH=16	BIT_SLICED_PORT_BOUND	BIT_SLICED_PORT_BOUND	PARITY_UNUSED_NO_TILE_GAIN
u_core/u_w/TILE.u_bank/mem_reg_1_2	u_w	RAMB36E1	TDP	1	1	1	1	0	0	0	0	u_core/u_w/TILE.u_bank/clk50	16	16	u_core/u_w/TILE.u_bank/mem_reg_0_0_i_1_n_0,u_core/u_w/TILE.u_bank/mem_reg_0_0_i_2_n_0	1	1	1	0	6	2	0	0	8	C:DIPADIP[3],C:DIPADIP[2],C:DIPADIP[1],C:DIPBDIP[3],C:DIPBDIP[2],C:DIPBDIP[1]		u_w|TDP|rw1|CLK={u_core/u_w/TILE.u_bank/clk50}|ADRA_HASH=16	BIT_SLICED_PORT_BOUND	BIT_SLICED_PORT_BOUND	PARITY_UNUSED_NO_TILE_GAIN
u_core/u_w/TILE.u_bank/mem_reg_1_3	u_w	RAMB36E1	TDP	1	1	1	1	0	0	0	0	u_core/u_w/TILE.u_bank/clk50	16	16	u_core/u_w/TILE.u_bank/mem_reg_0_0_i_1_n_0,u_core/u_w/TILE.u_bank/mem_reg_0_0_i_2_n_0	1	1	1	0	6	2	0	0	8	C:DIPADIP[3],C:DIPADIP[2],C:DIPADIP[1],C:DIPBDIP[3],C:DIPBDIP[2],C:DIPBDIP[1]		u_w|TDP|rw1|CLK={u_core/u_w/TILE.u_bank/clk50}|ADRA_HASH=16	BIT_SLICED_PORT_BOUND	BIT_SLICED_PORT_BOUND	PARITY_UNUSED_NO_TILE_GAIN
u_core/u_w/TILE.u_bank/mem_reg_1_4	u_w	RAMB36E1	TDP	1	1	1	1	0	0	0	0	u_core/u_w/TILE.u_bank/clk50	16	16	u_core/u_w/TILE.u_bank/mem_reg_0_0_i_1_n_0,u_core/u_w/TILE.u_bank/mem_reg_0_0_i_2_n_0	1	1	1	0	6	2	0	0	8	C:DIPADIP[3],C:DIPADIP[2],C:DIPADIP[1],C:DIPBDIP[3],C:DIPBDIP[2],C:DIPBDIP[1]		u_w|TDP|rw1|CLK={u_core/u_w/TILE.u_bank/clk50}|ADRA_HASH=16	BIT_SLICED_PORT_BOUND	BIT_SLICED_PORT_BOUND	PARITY_UNUSED_NO_TILE_GAIN
u_core/u_w/TILE.u_bank/mem_reg_1_5	u_w	RAMB36E1	TDP	1	1	1	1	0	0	0	0	u_core/u_w/TILE.u_bank/clk50	16	16	u_core/u_w/TILE.u_bank/mem_reg_0_0_i_1_n_0,u_core/u_w/TILE.u_bank/mem_reg_0_0_i_2_n_0	1	1	1	0	6	2	0	0	8	C:DIPADIP[3],C:DIPADIP[2],C:DIPADIP[1],C:DIPBDIP[3],C:DIPBDIP[2],C:DIPBDIP[1]		u_w|TDP|rw1|CLK={u_core/u_w/TILE.u_bank/clk50}|ADRA_HASH=16	BIT_SLICED_PORT_BOUND	BIT_SLICED_PORT_BOUND	PARITY_UNUSED_NO_TILE_GAIN
u_core/u_w/TILE.u_bank/mem_reg_1_6	u_w	RAMB36E1	TDP	1	1	1	1	0	0	0	0	u_core/u_w/TILE.u_bank/clk50	16	16	u_core/u_w/TILE.u_bank/mem_reg_0_0_i_1_n_0,u_core/u_w/TILE.u_bank/mem_reg_0_0_i_2_n_0	1	1	1	0	6	2	0	0	8	C:DIPADIP[3],C:DIPADIP[2],C:DIPADIP[1],C:DIPBDIP[3],C:DIPBDIP[2],C:DIPBDIP[1]		u_w|TDP|rw1|CLK={u_core/u_w/TILE.u_bank/clk50}|ADRA_HASH=16	BIT_SLICED_PORT_BOUND	BIT_SLICED_PORT_BOUND	PARITY_UNUSED_NO_TILE_GAIN
u_core/u_w/TILE.u_bank/mem_reg_1_7	u_w	RAMB36E1	TDP	1	1	1	1	0	0	0	0	u_core/u_w/TILE.u_bank/clk50	16	16	u_core/u_w/TILE.u_bank/mem_reg_0_0_i_1_n_0,u_core/u_w/TILE.u_bank/mem_reg_0_0_i_2_n_0	1	1	1	0	6	2	0	0	8	C:DIPADIP[3],C:DIPADIP[2],C:DIPADIP[1],C:DIPBDIP[3],C:DIPBDIP[2],C:DIPBDIP[1]		u_w|TDP|rw1|CLK={u_core/u_w/TILE.u_bank/clk50}|ADRA_HASH=16	BIT_SLICED_PORT_BOUND	BIT_SLICED_PORT_BOUND	PARITY_UNUSED_NO_TILE_GAIN
u_core/u_w/TILE.u_bank/mem_reg_2_0	u_w	RAMB36E1	TDP	1	1	1	1	0	0	0	0	u_core/u_w/TILE.u_bank/clk50	16	16	u_core/u_w/TILE.u_bank/TILE.bank_aa[16],u_core/u_w/TILE.u_bank/loc_of[16]	1	1	0	0	6	2	0	0	8	C:DIPADIP[3],C:DIPADIP[2],C:DIPADIP[1],C:DIPBDIP[3],C:DIPBDIP[2],C:DIPBDIP[1]		u_w|TDP|rw1|CLK={u_core/u_w/TILE.u_bank/clk50}|ADRA_HASH=16	BIT_SLICED_PORT_BOUND	BIT_SLICED_PORT_BOUND	PARITY_UNUSED_NO_TILE_GAIN
u_core/u_w/TILE.u_bank/mem_reg_2_1	u_w	RAMB36E1	TDP	1	1	1	1	0	0	0	0	u_core/u_w/TILE.u_bank/clk50	16	16	u_core/u_w/TILE.u_bank/TILE.bank_aa[16],u_core/u_w/TILE.u_bank/loc_of[16]	1	1	0	0	6	2	0	0	8	C:DIPADIP[3],C:DIPADIP[2],C:DIPADIP[1],C:DIPBDIP[3],C:DIPBDIP[2],C:DIPBDIP[1]		u_w|TDP|rw1|CLK={u_core/u_w/TILE.u_bank/clk50}|ADRA_HASH=16	BIT_SLICED_PORT_BOUND	BIT_SLICED_PORT_BOUND	PARITY_UNUSED_NO_TILE_GAIN
u_core/u_w/TILE.u_bank/mem_reg_2_2	u_w	RAMB36E1	TDP	1	1	1	1	0	0	0	0	u_core/u_w/TILE.u_bank/clk50	16	16	u_core/u_w/TILE.u_bank/TILE.bank_aa[16],u_core/u_w/TILE.u_bank/loc_of[16]	1	1	0	0	6	2	0	0	8	C:DIPADIP[3],C:DIPADIP[2],C:DIPADIP[1],C:DIPBDIP[3],C:DIPBDIP[2],C:DIPBDIP[1]		u_w|TDP|rw1|CLK={u_core/u_w/TILE.u_bank/clk50}|ADRA_HASH=16	BIT_SLICED_PORT_BOUND	BIT_SLICED_PORT_BOUND	PARITY_UNUSED_NO_TILE_GAIN
u_core/u_w/TILE.u_bank/mem_reg_2_3	u_w	RAMB36E1	TDP	1	1	1	1	0	0	0	0	u_core/u_w/TILE.u_bank/clk50	16	16	u_core/u_w/TILE.u_bank/TILE.bank_aa[16],u_core/u_w/TILE.u_bank/loc_of[16]	1	1	0	0	6	2	0	0	8	C:DIPADIP[3],C:DIPADIP[2],C:DIPADIP[1],C:DIPBDIP[3],C:DIPBDIP[2],C:DIPBDIP[1]		u_w|TDP|rw1|CLK={u_core/u_w/TILE.u_bank/clk50}|ADRA_HASH=16	BIT_SLICED_PORT_BOUND	BIT_SLICED_PORT_BOUND	PARITY_UNUSED_NO_TILE_GAIN
u_core/u_w/TILE.u_bank/mem_reg_2_4	u_w	RAMB36E1	TDP	1	1	1	1	0	0	0	0	u_core/u_w/TILE.u_bank/clk50	16	16	u_core/u_w/TILE.u_bank/TILE.bank_aa[16],u_core/u_w/TILE.u_bank/loc_of[16]	1	1	0	0	6	2	0	0	8	C:DIPADIP[3],C:DIPADIP[2],C:DIPADIP[1],C:DIPBDIP[3],C:DIPBDIP[2],C:DIPBDIP[1]		u_w|TDP|rw1|CLK={u_core/u_w/TILE.u_bank/clk50}|ADRA_HASH=16	BIT_SLICED_PORT_BOUND	BIT_SLICED_PORT_BOUND	PARITY_UNUSED_NO_TILE_GAIN
u_core/u_w/TILE.u_bank/mem_reg_2_5	u_w	RAMB36E1	TDP	1	1	1	1	0	0	0	0	u_core/u_w/TILE.u_bank/clk50	16	16	u_core/u_w/TILE.u_bank/TILE.bank_aa[16],u_core/u_w/TILE.u_bank/loc_of[16]	1	1	0	0	6	2	0	0	8	C:DIPADIP[3],C:DIPADIP[2],C:DIPADIP[1],C:DIPBDIP[3],C:DIPBDIP[2],C:DIPBDIP[1]		u_w|TDP|rw1|CLK={u_core/u_w/TILE.u_bank/clk50}|ADRA_HASH=16	BIT_SLICED_PORT_BOUND	BIT_SLICED_PORT_BOUND	PARITY_UNUSED_NO_TILE_GAIN
u_core/u_w/TILE.u_bank/mem_reg_2_6	u_w	RAMB36E1	TDP	1	1	1	1	0	0	0	0	u_core/u_w/TILE.u_bank/clk50	16	16	u_core/u_w/TILE.u_bank/TILE.bank_aa[16],u_core/u_w/TILE.u_bank/loc_of[16]	1	1	0	0	6	2	0	0	8	C:DIPADIP[3],C:DIPADIP[2],C:DIPADIP[1],C:DIPBDIP[3],C:DIPBDIP[2],C:DIPBDIP[1]		u_w|TDP|rw1|CLK={u_core/u_w/TILE.u_bank/clk50}|ADRA_HASH=16	BIT_SLICED_PORT_BOUND	BIT_SLICED_PORT_BOUND	PARITY_UNUSED_NO_TILE_GAIN
u_core/u_w/TILE.u_bank/mem_reg_2_7	u_w	RAMB36E1	TDP	1	1	1	1	0	0	0	0	u_core/u_w/TILE.u_bank/clk50	16	16	u_core/u_w/TILE.u_bank/TILE.bank_aa[16],u_core/u_w/TILE.u_bank/loc_of[16]	1	1	0	0	6	2	0	0	8	C:DIPADIP[3],C:DIPADIP[2],C:DIPADIP[1],C:DIPBDIP[3],C:DIPBDIP[2],C:DIPBDIP[1]		u_w|TDP|rw1|CLK={u_core/u_w/TILE.u_bank/clk50}|ADRA_HASH=16	BIT_SLICED_PORT_BOUND	BIT_SLICED_PORT_BOUND	PARITY_UNUSED_NO_TILE_GAIN
u_core/u_w/TILE.u_bank/mem_reg_3_0	u_w	RAMB36E1	TDP	1	1	1	1	0	0	0	0	u_core/u_w/TILE.u_bank/clk50	16	16	u_core/u_w/TILE.u_bank/TILE.bank_aa[16],u_core/u_w/TILE.u_bank/loc_of[16]	1	1	1	0	6	2	0	0	8	C:DIPADIP[3],C:DIPADIP[2],C:DIPADIP[1],C:DIPBDIP[3],C:DIPBDIP[2],C:DIPBDIP[1]		u_w|TDP|rw1|CLK={u_core/u_w/TILE.u_bank/clk50}|ADRA_HASH=16	BIT_SLICED_PORT_BOUND	BIT_SLICED_PORT_BOUND	PARITY_UNUSED_NO_TILE_GAIN
u_core/u_w/TILE.u_bank/mem_reg_3_1	u_w	RAMB36E1	TDP	1	1	1	1	0	0	0	0	u_core/u_w/TILE.u_bank/clk50	16	16	u_core/u_w/TILE.u_bank/TILE.bank_aa[16],u_core/u_w/TILE.u_bank/loc_of[16]	1	1	1	0	6	2	0	0	8	C:DIPADIP[3],C:DIPADIP[2],C:DIPADIP[1],C:DIPBDIP[3],C:DIPBDIP[2],C:DIPBDIP[1]		u_w|TDP|rw1|CLK={u_core/u_w/TILE.u_bank/clk50}|ADRA_HASH=16	BIT_SLICED_PORT_BOUND	BIT_SLICED_PORT_BOUND	PARITY_UNUSED_NO_TILE_GAIN
u_core/u_w/TILE.u_bank/mem_reg_3_2	u_w	RAMB36E1	TDP	1	1	1	1	0	0	0	0	u_core/u_w/TILE.u_bank/clk50	16	16	u_core/u_w/TILE.u_bank/TILE.bank_aa[16],u_core/u_w/TILE.u_bank/loc_of[16]	1	1	1	0	6	2	0	0	8	C:DIPADIP[3],C:DIPADIP[2],C:DIPADIP[1],C:DIPBDIP[3],C:DIPBDIP[2],C:DIPBDIP[1]		u_w|TDP|rw1|CLK={u_core/u_w/TILE.u_bank/clk50}|ADRA_HASH=16	BIT_SLICED_PORT_BOUND	BIT_SLICED_PORT_BOUND	PARITY_UNUSED_NO_TILE_GAIN
u_core/u_w/TILE.u_bank/mem_reg_3_3	u_w	RAMB36E1	TDP	1	1	1	1	0	0	0	0	u_core/u_w/TILE.u_bank/clk50	16	16	u_core/u_w/TILE.u_bank/TILE.bank_aa[16],u_core/u_w/TILE.u_bank/loc_of[16]	1	1	1	0	6	2	0	0	8	C:DIPADIP[3],C:DIPADIP[2],C:DIPADIP[1],C:DIPBDIP[3],C:DIPBDIP[2],C:DIPBDIP[1]		u_w|TDP|rw1|CLK={u_core/u_w/TILE.u_bank/clk50}|ADRA_HASH=16	BIT_SLICED_PORT_BOUND	BIT_SLICED_PORT_BOUND	PARITY_UNUSED_NO_TILE_GAIN
u_core/u_w/TILE.u_bank/mem_reg_3_4	u_w	RAMB36E1	TDP	1	1	1	1	0	0	0	0	u_core/u_w/TILE.u_bank/clk50	16	16	u_core/u_w/TILE.u_bank/TILE.bank_aa[16],u_core/u_w/TILE.u_bank/loc_of[16]	1	1	1	0	6	2	0	0	8	C:DIPADIP[3],C:DIPADIP[2],C:DIPADIP[1],C:DIPBDIP[3],C:DIPBDIP[2],C:DIPBDIP[1]		u_w|TDP|rw1|CLK={u_core/u_w/TILE.u_bank/clk50}|ADRA_HASH=16	BIT_SLICED_PORT_BOUND	BIT_SLICED_PORT_BOUND	PARITY_UNUSED_NO_TILE_GAIN
u_core/u_w/TILE.u_bank/mem_reg_3_5	u_w	RAMB36E1	TDP	1	1	1	1	0	0	0	0	u_core/u_w/TILE.u_bank/clk50	16	16	u_core/u_w/TILE.u_bank/TILE.bank_aa[16],u_core/u_w/TILE.u_bank/loc_of[16]	1	1	1	0	6	2	0	0	8	C:DIPADIP[3],C:DIPADIP[2],C:DIPADIP[1],C:DIPBDIP[3],C:DIPBDIP[2],C:DIPBDIP[1]		u_w|TDP|rw1|CLK={u_core/u_w/TILE.u_bank/clk50}|ADRA_HASH=16	BIT_SLICED_PORT_BOUND	BIT_SLICED_PORT_BOUND	PARITY_UNUSED_NO_TILE_GAIN
u_core/u_w/TILE.u_bank/mem_reg_3_6	u_w	RAMB36E1	TDP	1	1	1	1	0	0	0	0	u_core/u_w/TILE.u_bank/clk50	16	16	u_core/u_w/TILE.u_bank/TILE.bank_aa[16],u_core/u_w/TILE.u_bank/loc_of[16]	1	1	1	0	6	2	0	0	8	C:DIPADIP[3],C:DIPADIP[2],C:DIPADIP[1],C:DIPBDIP[3],C:DIPBDIP[2],C:DIPBDIP[1]		u_w|TDP|rw1|CLK={u_core/u_w/TILE.u_bank/clk50}|ADRA_HASH=16	BIT_SLICED_PORT_BOUND	BIT_SLICED_PORT_BOUND	PARITY_UNUSED_NO_TILE_GAIN
u_core/u_w/TILE.u_bank/mem_reg_3_7	u_w	RAMB36E1	TDP	1	1	1	1	0	0	0	0	u_core/u_w/TILE.u_bank/clk50	16	16	u_core/u_w/TILE.u_bank/TILE.bank_aa[16],u_core/u_w/TILE.u_bank/loc_of[16]	1	1	1	0	6	2	0	0	8	C:DIPADIP[3],C:DIPADIP[2],C:DIPADIP[1],C:DIPBDIP[3],C:DIPBDIP[2],C:DIPBDIP[1]		u_w|TDP|rw1|CLK={u_core/u_w/TILE.u_bank/clk50}|ADRA_HASH=16	BIT_SLICED_PORT_BOUND	BIT_SLICED_PORT_BOUND	PARITY_UNUSED_NO_TILE_GAIN
u_w/CH[0].ram0_reg_0	u_w	RAMB36E1	SDP	72	0	0	72	0	0	0	0	u_w/ui_clk	8	8	u_w/p_40_in	1	64	64	8	0	0	8	0	0	S:DIPADIP[3]=wr_data[67],S:DIPADIP[2]=wr_data[66],S:DIPADIP[1]=wr_data[65],S:DIPADIP[0]=wr_data[64],S:DIPBDIP[3]=wr_data[71],S:DIPBDIP[2]=wr_data[70],S:DIPBDIP[1]=wr_data[69],S:DIPBDIP[0]=wr_data[68]	S:DOPADOP[3]=CH[0].q0[67],S:DOPADOP[2]=CH[0].q0[66],S:DOPADOP[1]=CH[0].q0[65],S:DOPADOP[0]=CH[0].q0[64],S:DOPBDOP[3]=CH[0].q0[71],S:DOPBDOP[2]=CH[0].q0[70],S:DOPBDOP[1]=CH[0].q0[69],S:DOPBDOP[0]=CH[0].q0[68]	u_w|SDP|rw72|CLK={u_w/ui_clk}|ADRA_HASH=8	FULL_X72_PAYLOAD	FULL_X72_PAYLOAD	PARITY_USED_AS_PAYLOAD
u_w/CH[0].ram0_reg_1	u_w	RAMB36E1	SDP	72	0	0	72	0	0	0	0	u_w/ui_clk	8	8	u_w/p_40_in	1	56	56	0	8	0	0	0	8	C:DIPADIP[3],C:DIPADIP[2],C:DIPADIP[1],C:DIPADIP[0],C:DIPBDIP[3],C:DIPBDIP[2],C:DIPBDIP[1],C:DIPBDIP[0]		u_w|SDP|rw72|CLK={u_w/ui_clk}|ADRA_HASH=8	UNKNOWN	WIDTH_BOUND	PARITY_UNUSED_NO_TILE_GAIN;TAIL_FRAGMENT_32b_IN_X72_SHELL
u_w/CH[0].ram1_reg_0	u_w	RAMB36E1	SDP	72	0	0	72	0	0	0	0	u_w/ui_clk	8	8	u_w/p_36_in	1	64	64	8	0	0	8	0	0	S:DIPADIP[3]=wr_data[67],S:DIPADIP[2]=wr_data[66],S:DIPADIP[1]=wr_data[65],S:DIPADIP[0]=wr_data[64],S:DIPBDIP[3]=wr_data[71],S:DIPBDIP[2]=wr_data[70],S:DIPBDIP[1]=wr_data[69],S:DIPBDIP[0]=wr_data[68]	S:DOPADOP[3]=CH[0].q1[67],S:DOPADOP[2]=CH[0].q1[66],S:DOPADOP[1]=CH[0].q1[65],S:DOPADOP[0]=CH[0].q1[64],S:DOPBDOP[3]=CH[0].q1[71],S:DOPBDOP[2]=CH[0].q1[70],S:DOPBDOP[1]=CH[0].q1[69],S:DOPBDOP[0]=CH[0].q1[68]	u_w|SDP|rw72|CLK={u_w/ui_clk}|ADRA_HASH=8	FULL_X72_PAYLOAD	FULL_X72_PAYLOAD	PARITY_USED_AS_PAYLOAD
u_w/CH[0].ram1_reg_1	u_w	RAMB36E1	SDP	72	0	0	72	0	0	0	0	u_w/ui_clk	8	8	u_w/p_36_in	1	56	56	0	8	0	0	0	8	C:DIPADIP[3],C:DIPADIP[2],C:DIPADIP[1],C:DIPADIP[0],C:DIPBDIP[3],C:DIPBDIP[2],C:DIPBDIP[1],C:DIPBDIP[0]		u_w|SDP|rw72|CLK={u_w/ui_clk}|ADRA_HASH=8	UNKNOWN	WIDTH_BOUND	PARITY_UNUSED_NO_TILE_GAIN;TAIL_FRAGMENT_32b_IN_X72_SHELL
u_w/CH[1].ram0_reg_0	u_w	RAMB36E1	SDP	72	0	0	72	0	0	0	0	u_w/ui_clk	8	8	u_w/p_40_in	1	64	64	8	0	0	8	0	0	S:DIPADIP[3]=wr_data[67],S:DIPADIP[2]=wr_data[66],S:DIPADIP[1]=wr_data[65],S:DIPADIP[0]=wr_data[64],S:DIPBDIP[3]=wr_data[71],S:DIPBDIP[2]=wr_data[70],S:DIPBDIP[1]=wr_data[69],S:DIPBDIP[0]=wr_data[68]	S:DOPADOP[3]=CH[1].q0[67],S:DOPADOP[2]=CH[1].q0[66],S:DOPADOP[1]=CH[1].q0[65],S:DOPADOP[0]=CH[1].q0[64],S:DOPBDOP[3]=CH[1].q0[71],S:DOPBDOP[2]=CH[1].q0[70],S:DOPBDOP[1]=CH[1].q0[69],S:DOPBDOP[0]=CH[1].q0[68]	u_w|SDP|rw72|CLK={u_w/ui_clk}|ADRA_HASH=8	FULL_X72_PAYLOAD	FULL_X72_PAYLOAD	PARITY_USED_AS_PAYLOAD
u_w/CH[1].ram0_reg_1	u_w	RAMB36E1	SDP	72	0	0	72	0	0	0	0	u_w/ui_clk	8	8	u_w/p_40_in	1	56	56	0	8	0	0	0	8	C:DIPADIP[3],C:DIPADIP[2],C:DIPADIP[1],C:DIPADIP[0],C:DIPBDIP[3],C:DIPBDIP[2],C:DIPBDIP[1],C:DIPBDIP[0]		u_w|SDP|rw72|CLK={u_w/ui_clk}|ADRA_HASH=8	UNKNOWN	WIDTH_BOUND	PARITY_UNUSED_NO_TILE_GAIN;TAIL_FRAGMENT_32b_IN_X72_SHELL
u_w/CH[1].ram1_reg_0	u_w	RAMB36E1	SDP	72	0	0	72	0	0	0	0	u_w/ui_clk	8	8	u_w/p_36_in	1	64	64	8	0	0	8	0	0	S:DIPADIP[3]=wr_data[67],S:DIPADIP[2]=wr_data[66],S:DIPADIP[1]=wr_data[65],S:DIPADIP[0]=wr_data[64],S:DIPBDIP[3]=wr_data[71],S:DIPBDIP[2]=wr_data[70],S:DIPBDIP[1]=wr_data[69],S:DIPBDIP[0]=wr_data[68]	S:DOPADOP[3]=CH[1].q1[67],S:DOPADOP[2]=CH[1].q1[66],S:DOPADOP[1]=CH[1].q1[65],S:DOPADOP[0]=CH[1].q1[64],S:DOPBDOP[3]=CH[1].q1[71],S:DOPBDOP[2]=CH[1].q1[70],S:DOPBDOP[1]=CH[1].q1[69],S:DOPBDOP[0]=CH[1].q1[68]	u_w|SDP|rw72|CLK={u_w/ui_clk}|ADRA_HASH=8	FULL_X72_PAYLOAD	FULL_X72_PAYLOAD	PARITY_USED_AS_PAYLOAD
u_w/CH[1].ram1_reg_1	u_w	RAMB36E1	SDP	72	0	0	72	0	0	0	0	u_w/ui_clk	8	8	u_w/p_36_in	1	56	56	0	8	0	0	0	8	C:DIPADIP[3],C:DIPADIP[2],C:DIPADIP[1],C:DIPADIP[0],C:DIPBDIP[3],C:DIPBDIP[2],C:DIPBDIP[1],C:DIPBDIP[0]		u_w|SDP|rw72|CLK={u_w/ui_clk}|ADRA_HASH=8	UNKNOWN	WIDTH_BOUND	PARITY_UNUSED_NO_TILE_GAIN;TAIL_FRAGMENT_32b_IN_X72_SHELL
u_w/CH[2].ram0_reg_0	u_w	RAMB36E1	SDP	72	0	0	72	0	0	0	0	u_w/ui_clk	8	8	u_w/p_40_in	1	64	64	8	0	0	8	0	0	S:DIPADIP[3]=wr_data[67],S:DIPADIP[2]=wr_data[66],S:DIPADIP[1]=wr_data[65],S:DIPADIP[0]=wr_data[64],S:DIPBDIP[3]=wr_data[71],S:DIPBDIP[2]=wr_data[70],S:DIPBDIP[1]=wr_data[69],S:DIPBDIP[0]=wr_data[68]	S:DOPADOP[3]=CH[2].q0[67],S:DOPADOP[2]=CH[2].q0[66],S:DOPADOP[1]=CH[2].q0[65],S:DOPADOP[0]=CH[2].q0[64],S:DOPBDOP[3]=CH[2].q0[71],S:DOPBDOP[2]=CH[2].q0[70],S:DOPBDOP[1]=CH[2].q0[69],S:DOPBDOP[0]=CH[2].q0[68]	u_w|SDP|rw72|CLK={u_w/ui_clk}|ADRA_HASH=8	FULL_X72_PAYLOAD	FULL_X72_PAYLOAD	PARITY_USED_AS_PAYLOAD
u_w/CH[2].ram0_reg_1	u_w	RAMB36E1	SDP	72	0	0	72	0	0	0	0	u_w/ui_clk	8	8	u_w/p_40_in	1	56	56	0	8	0	0	0	8	C:DIPADIP[3],C:DIPADIP[2],C:DIPADIP[1],C:DIPADIP[0],C:DIPBDIP[3],C:DIPBDIP[2],C:DIPBDIP[1],C:DIPBDIP[0]		u_w|SDP|rw72|CLK={u_w/ui_clk}|ADRA_HASH=8	UNKNOWN	WIDTH_BOUND	PARITY_UNUSED_NO_TILE_GAIN;TAIL_FRAGMENT_32b_IN_X72_SHELL
u_w/CH[2].ram1_reg_0	u_w	RAMB36E1	SDP	72	0	0	72	0	0	0	0	u_w/ui_clk	8	8	u_w/p_36_in	1	64	64	8	0	0	8	0	0	S:DIPADIP[3]=wr_data[67],S:DIPADIP[2]=wr_data[66],S:DIPADIP[1]=wr_data[65],S:DIPADIP[0]=wr_data[64],S:DIPBDIP[3]=wr_data[71],S:DIPBDIP[2]=wr_data[70],S:DIPBDIP[1]=wr_data[69],S:DIPBDIP[0]=wr_data[68]	S:DOPADOP[3]=CH[2].q1[67],S:DOPADOP[2]=CH[2].q1[66],S:DOPADOP[1]=CH[2].q1[65],S:DOPADOP[0]=CH[2].q1[64],S:DOPBDOP[3]=CH[2].q1[71],S:DOPBDOP[2]=CH[2].q1[70],S:DOPBDOP[1]=CH[2].q1[69],S:DOPBDOP[0]=CH[2].q1[68]	u_w|SDP|rw72|CLK={u_w/ui_clk}|ADRA_HASH=8	FULL_X72_PAYLOAD	FULL_X72_PAYLOAD	PARITY_USED_AS_PAYLOAD
u_w/CH[2].ram1_reg_1	u_w	RAMB36E1	SDP	72	0	0	72	0	0	0	0	u_w/ui_clk	8	8	u_w/p_36_in	1	56	56	0	8	0	0	0	8	C:DIPADIP[3],C:DIPADIP[2],C:DIPADIP[1],C:DIPADIP[0],C:DIPBDIP[3],C:DIPBDIP[2],C:DIPBDIP[1],C:DIPBDIP[0]		u_w|SDP|rw72|CLK={u_w/ui_clk}|ADRA_HASH=8	UNKNOWN	WIDTH_BOUND	PARITY_UNUSED_NO_TILE_GAIN;TAIL_FRAGMENT_32b_IN_X72_SHELL
u_w/CH[3].ram0_reg_0	u_w	RAMB36E1	SDP	72	0	0	72	0	0	0	0	u_w/ui_clk	8	8	u_w/p_40_in	1	64	64	8	0	0	8	0	0	S:DIPADIP[3]=wr_data[67],S:DIPADIP[2]=wr_data[66],S:DIPADIP[1]=wr_data[65],S:DIPADIP[0]=wr_data[64],S:DIPBDIP[3]=wr_data[71],S:DIPBDIP[2]=wr_data[70],S:DIPBDIP[1]=wr_data[69],S:DIPBDIP[0]=wr_data[68]	S:DOPADOP[3]=CH[3].q0[67],S:DOPADOP[2]=CH[3].q0[66],S:DOPADOP[1]=CH[3].q0[65],S:DOPADOP[0]=CH[3].q0[64],S:DOPBDOP[3]=CH[3].q0[71],S:DOPBDOP[2]=CH[3].q0[70],S:DOPBDOP[1]=CH[3].q0[69],S:DOPBDOP[0]=CH[3].q0[68]	u_w|SDP|rw72|CLK={u_w/ui_clk}|ADRA_HASH=8	FULL_X72_PAYLOAD	FULL_X72_PAYLOAD	PARITY_USED_AS_PAYLOAD
u_w/CH[3].ram0_reg_1	u_w	RAMB36E1	SDP	72	0	0	72	0	0	0	0	u_w/ui_clk	8	8	u_w/p_40_in	1	56	56	0	8	0	0	0	8	C:DIPADIP[3],C:DIPADIP[2],C:DIPADIP[1],C:DIPADIP[0],C:DIPBDIP[3],C:DIPBDIP[2],C:DIPBDIP[1],C:DIPBDIP[0]		u_w|SDP|rw72|CLK={u_w/ui_clk}|ADRA_HASH=8	UNKNOWN	WIDTH_BOUND	PARITY_UNUSED_NO_TILE_GAIN;TAIL_FRAGMENT_32b_IN_X72_SHELL
u_w/CH[3].ram1_reg_0	u_w	RAMB36E1	SDP	72	0	0	72	0	0	0	0	u_w/ui_clk	8	8	u_w/p_36_in	1	64	64	8	0	0	8	0	0	S:DIPADIP[3]=wr_data[67],S:DIPADIP[2]=wr_data[66],S:DIPADIP[1]=wr_data[65],S:DIPADIP[0]=wr_data[64],S:DIPBDIP[3]=wr_data[71],S:DIPBDIP[2]=wr_data[70],S:DIPBDIP[1]=wr_data[69],S:DIPBDIP[0]=wr_data[68]	S:DOPADOP[3]=CH[3].q1[67],S:DOPADOP[2]=CH[3].q1[66],S:DOPADOP[1]=CH[3].q1[65],S:DOPADOP[0]=CH[3].q1[64],S:DOPBDOP[3]=CH[3].q1[71],S:DOPBDOP[2]=CH[3].q1[70],S:DOPBDOP[1]=CH[3].q1[69],S:DOPBDOP[0]=CH[3].q1[68]	u_w|SDP|rw72|CLK={u_w/ui_clk}|ADRA_HASH=8	FULL_X72_PAYLOAD	FULL_X72_PAYLOAD	PARITY_USED_AS_PAYLOAD
u_w/CH[3].ram1_reg_1	u_w	RAMB36E1	SDP	72	0	0	72	0	0	0	0	u_w/ui_clk	8	8	u_w/p_36_in	1	56	56	0	8	0	0	0	8	C:DIPADIP[3],C:DIPADIP[2],C:DIPADIP[1],C:DIPADIP[0],C:DIPBDIP[3],C:DIPBDIP[2],C:DIPBDIP[1],C:DIPBDIP[0]		u_w|SDP|rw72|CLK={u_w/ui_clk}|ADRA_HASH=8	UNKNOWN	WIDTH_BOUND	PARITY_UNUSED_NO_TILE_GAIN;TAIL_FRAGMENT_32b_IN_X72_SHELL
u_w/CH[4].ram0_reg_0	u_w	RAMB36E1	SDP	72	0	0	72	0	0	0	0	u_w/ui_clk	8	8	u_w/p_40_in	1	64	64	8	0	0	8	0	0	S:DIPADIP[3]=wr_data[67],S:DIPADIP[2]=wr_data[66],S:DIPADIP[1]=wr_data[65],S:DIPADIP[0]=wr_data[64],S:DIPBDIP[3]=wr_data[71],S:DIPBDIP[2]=wr_data[70],S:DIPBDIP[1]=wr_data[69],S:DIPBDIP[0]=wr_data[68]	S:DOPADOP[3]=CH[4].q0[67],S:DOPADOP[2]=CH[4].q0[66],S:DOPADOP[1]=CH[4].q0[65],S:DOPADOP[0]=CH[4].q0[64],S:DOPBDOP[3]=CH[4].q0[71],S:DOPBDOP[2]=CH[4].q0[70],S:DOPBDOP[1]=CH[4].q0[69],S:DOPBDOP[0]=CH[4].q0[68]	u_w|SDP|rw72|CLK={u_w/ui_clk}|ADRA_HASH=8	FULL_X72_PAYLOAD	FULL_X72_PAYLOAD	PARITY_USED_AS_PAYLOAD
u_w/CH[4].ram0_reg_1	u_w	RAMB36E1	SDP	72	0	0	72	0	0	0	0	u_w/ui_clk	8	8	u_w/p_40_in	1	56	56	0	8	0	0	0	8	C:DIPADIP[3],C:DIPADIP[2],C:DIPADIP[1],C:DIPADIP[0],C:DIPBDIP[3],C:DIPBDIP[2],C:DIPBDIP[1],C:DIPBDIP[0]		u_w|SDP|rw72|CLK={u_w/ui_clk}|ADRA_HASH=8	UNKNOWN	WIDTH_BOUND	PARITY_UNUSED_NO_TILE_GAIN;TAIL_FRAGMENT_32b_IN_X72_SHELL
u_w/CH[4].ram1_reg_0	u_w	RAMB36E1	SDP	72	0	0	72	0	0	0	0	u_w/ui_clk	8	8	u_w/p_36_in	1	64	64	8	0	0	8	0	0	S:DIPADIP[3]=wr_data[67],S:DIPADIP[2]=wr_data[66],S:DIPADIP[1]=wr_data[65],S:DIPADIP[0]=wr_data[64],S:DIPBDIP[3]=wr_data[71],S:DIPBDIP[2]=wr_data[70],S:DIPBDIP[1]=wr_data[69],S:DIPBDIP[0]=wr_data[68]	S:DOPADOP[3]=CH[4].q1[67],S:DOPADOP[2]=CH[4].q1[66],S:DOPADOP[1]=CH[4].q1[65],S:DOPADOP[0]=CH[4].q1[64],S:DOPBDOP[3]=CH[4].q1[71],S:DOPBDOP[2]=CH[4].q1[70],S:DOPBDOP[1]=CH[4].q1[69],S:DOPBDOP[0]=CH[4].q1[68]	u_w|SDP|rw72|CLK={u_w/ui_clk}|ADRA_HASH=8	FULL_X72_PAYLOAD	FULL_X72_PAYLOAD	PARITY_USED_AS_PAYLOAD
u_w/CH[4].ram1_reg_1	u_w	RAMB36E1	SDP	72	0	0	72	0	0	0	0	u_w/ui_clk	8	8	u_w/p_36_in	1	56	56	0	8	0	0	0	8	C:DIPADIP[3],C:DIPADIP[2],C:DIPADIP[1],C:DIPADIP[0],C:DIPBDIP[3],C:DIPBDIP[2],C:DIPBDIP[1],C:DIPBDIP[0]		u_w|SDP|rw72|CLK={u_w/ui_clk}|ADRA_HASH=8	UNKNOWN	WIDTH_BOUND	PARITY_UNUSED_NO_TILE_GAIN;TAIL_FRAGMENT_32b_IN_X72_SHELL
u_w/CH[5].ram0_reg_0	u_w	RAMB36E1	SDP	72	0	0	72	0	0	0	0	u_w/ui_clk	8	8	u_w/p_40_in	1	64	64	8	0	0	8	0	0	S:DIPADIP[3]=wr_data[67],S:DIPADIP[2]=wr_data[66],S:DIPADIP[1]=wr_data[65],S:DIPADIP[0]=wr_data[64],S:DIPBDIP[3]=wr_data[71],S:DIPBDIP[2]=wr_data[70],S:DIPBDIP[1]=wr_data[69],S:DIPBDIP[0]=wr_data[68]	S:DOPADOP[3]=CH[5].q0[67],S:DOPADOP[2]=CH[5].q0[66],S:DOPADOP[1]=CH[5].q0[65],S:DOPADOP[0]=CH[5].q0[64],S:DOPBDOP[3]=CH[5].q0[71],S:DOPBDOP[2]=CH[5].q0[70],S:DOPBDOP[1]=CH[5].q0[69],S:DOPBDOP[0]=CH[5].q0[68]	u_w|SDP|rw72|CLK={u_w/ui_clk}|ADRA_HASH=8	FULL_X72_PAYLOAD	FULL_X72_PAYLOAD	PARITY_USED_AS_PAYLOAD
u_w/CH[5].ram0_reg_1	u_w	RAMB36E1	SDP	72	0	0	72	0	0	0	0	u_w/ui_clk	8	8	u_w/p_40_in	1	56	56	0	8	0	0	0	8	C:DIPADIP[3],C:DIPADIP[2],C:DIPADIP[1],C:DIPADIP[0],C:DIPBDIP[3],C:DIPBDIP[2],C:DIPBDIP[1],C:DIPBDIP[0]		u_w|SDP|rw72|CLK={u_w/ui_clk}|ADRA_HASH=8	UNKNOWN	WIDTH_BOUND	PARITY_UNUSED_NO_TILE_GAIN;TAIL_FRAGMENT_32b_IN_X72_SHELL
u_w/CH[5].ram1_reg_0	u_w	RAMB36E1	SDP	72	0	0	72	0	0	0	0	u_w/ui_clk	8	8	u_w/p_36_in	1	64	64	8	0	0	8	0	0	S:DIPADIP[3]=wr_data[67],S:DIPADIP[2]=wr_data[66],S:DIPADIP[1]=wr_data[65],S:DIPADIP[0]=wr_data[64],S:DIPBDIP[3]=wr_data[71],S:DIPBDIP[2]=wr_data[70],S:DIPBDIP[1]=wr_data[69],S:DIPBDIP[0]=wr_data[68]	S:DOPADOP[3]=CH[5].q1[67],S:DOPADOP[2]=CH[5].q1[66],S:DOPADOP[1]=CH[5].q1[65],S:DOPADOP[0]=CH[5].q1[64],S:DOPBDOP[3]=CH[5].q1[71],S:DOPBDOP[2]=CH[5].q1[70],S:DOPBDOP[1]=CH[5].q1[69],S:DOPBDOP[0]=CH[5].q1[68]	u_w|SDP|rw72|CLK={u_w/ui_clk}|ADRA_HASH=8	FULL_X72_PAYLOAD	FULL_X72_PAYLOAD	PARITY_USED_AS_PAYLOAD
u_w/CH[5].ram1_reg_1	u_w	RAMB36E1	SDP	72	0	0	72	0	0	0	0	u_w/ui_clk	8	8	u_w/p_36_in	1	56	56	0	8	0	0	0	8	C:DIPADIP[3],C:DIPADIP[2],C:DIPADIP[1],C:DIPADIP[0],C:DIPBDIP[3],C:DIPBDIP[2],C:DIPBDIP[1],C:DIPBDIP[0]		u_w|SDP|rw72|CLK={u_w/ui_clk}|ADRA_HASH=8	UNKNOWN	WIDTH_BOUND	PARITY_UNUSED_NO_TILE_GAIN;TAIL_FRAGMENT_32b_IN_X72_SHELL
u_w/CH[6].ram0_reg_0	u_w	RAMB36E1	SDP	72	0	0	72	0	0	0	0	u_w/ui_clk	8	8	u_w/p_40_in	1	64	64	8	0	0	8	0	0	S:DIPADIP[3]=wr_data[67],S:DIPADIP[2]=wr_data[66],S:DIPADIP[1]=wr_data[65],S:DIPADIP[0]=wr_data[64],S:DIPBDIP[3]=wr_data[71],S:DIPBDIP[2]=wr_data[70],S:DIPBDIP[1]=wr_data[69],S:DIPBDIP[0]=wr_data[68]	S:DOPADOP[3]=CH[6].q0[67],S:DOPADOP[2]=CH[6].q0[66],S:DOPADOP[1]=CH[6].q0[65],S:DOPADOP[0]=CH[6].q0[64],S:DOPBDOP[3]=CH[6].q0[71],S:DOPBDOP[2]=CH[6].q0[70],S:DOPBDOP[1]=CH[6].q0[69],S:DOPBDOP[0]=CH[6].q0[68]	u_w|SDP|rw72|CLK={u_w/ui_clk}|ADRA_HASH=8	FULL_X72_PAYLOAD	FULL_X72_PAYLOAD	PARITY_USED_AS_PAYLOAD
u_w/CH[6].ram0_reg_1	u_w	RAMB36E1	SDP	72	0	0	72	0	0	0	0	u_w/ui_clk	8	8	u_w/p_40_in	1	56	56	0	8	0	0	0	8	C:DIPADIP[3],C:DIPADIP[2],C:DIPADIP[1],C:DIPADIP[0],C:DIPBDIP[3],C:DIPBDIP[2],C:DIPBDIP[1],C:DIPBDIP[0]		u_w|SDP|rw72|CLK={u_w/ui_clk}|ADRA_HASH=8	UNKNOWN	WIDTH_BOUND	PARITY_UNUSED_NO_TILE_GAIN;TAIL_FRAGMENT_32b_IN_X72_SHELL
u_w/CH[6].ram1_reg_0	u_w	RAMB36E1	SDP	72	0	0	72	0	0	0	0	u_w/ui_clk	8	8	u_w/p_36_in	1	64	64	8	0	0	8	0	0	S:DIPADIP[3]=wr_data[67],S:DIPADIP[2]=wr_data[66],S:DIPADIP[1]=wr_data[65],S:DIPADIP[0]=wr_data[64],S:DIPBDIP[3]=wr_data[71],S:DIPBDIP[2]=wr_data[70],S:DIPBDIP[1]=wr_data[69],S:DIPBDIP[0]=wr_data[68]	S:DOPADOP[3]=CH[6].q1[67],S:DOPADOP[2]=CH[6].q1[66],S:DOPADOP[1]=CH[6].q1[65],S:DOPADOP[0]=CH[6].q1[64],S:DOPBDOP[3]=CH[6].q1[71],S:DOPBDOP[2]=CH[6].q1[70],S:DOPBDOP[1]=CH[6].q1[69],S:DOPBDOP[0]=CH[6].q1[68]	u_w|SDP|rw72|CLK={u_w/ui_clk}|ADRA_HASH=8	FULL_X72_PAYLOAD	FULL_X72_PAYLOAD	PARITY_USED_AS_PAYLOAD
u_w/CH[6].ram1_reg_1	u_w	RAMB36E1	SDP	72	0	0	72	0	0	0	0	u_w/ui_clk	8	8	u_w/p_36_in	1	56	56	0	8	0	0	0	8	C:DIPADIP[3],C:DIPADIP[2],C:DIPADIP[1],C:DIPADIP[0],C:DIPBDIP[3],C:DIPBDIP[2],C:DIPBDIP[1],C:DIPBDIP[0]		u_w|SDP|rw72|CLK={u_w/ui_clk}|ADRA_HASH=8	UNKNOWN	WIDTH_BOUND	PARITY_UNUSED_NO_TILE_GAIN;TAIL_FRAGMENT_32b_IN_X72_SHELL
u_w/CH[7].ram0_reg_0	u_w	RAMB36E1	SDP	72	0	0	72	0	0	0	0	u_w/ui_clk	8	8	u_w/p_40_in	1	64	64	8	0	0	8	0	0	S:DIPADIP[3]=wr_data[67],S:DIPADIP[2]=wr_data[66],S:DIPADIP[1]=wr_data[65],S:DIPADIP[0]=wr_data[64],S:DIPBDIP[3]=wr_data[71],S:DIPBDIP[2]=wr_data[70],S:DIPBDIP[1]=wr_data[69],S:DIPBDIP[0]=wr_data[68]	S:DOPADOP[3]=CH[7].q0[67],S:DOPADOP[2]=CH[7].q0[66],S:DOPADOP[1]=CH[7].q0[65],S:DOPADOP[0]=CH[7].q0[64],S:DOPBDOP[3]=CH[7].q0[71],S:DOPBDOP[2]=CH[7].q0[70],S:DOPBDOP[1]=CH[7].q0[69],S:DOPBDOP[0]=CH[7].q0[68]	u_w|SDP|rw72|CLK={u_w/ui_clk}|ADRA_HASH=8	FULL_X72_PAYLOAD	FULL_X72_PAYLOAD	PARITY_USED_AS_PAYLOAD
u_w/CH[7].ram0_reg_1	u_w	RAMB36E1	SDP	72	0	0	72	0	0	0	0	u_w/ui_clk	8	8	u_w/p_40_in	1	56	56	0	8	0	0	0	8	C:DIPADIP[3],C:DIPADIP[2],C:DIPADIP[1],C:DIPADIP[0],C:DIPBDIP[3],C:DIPBDIP[2],C:DIPBDIP[1],C:DIPBDIP[0]		u_w|SDP|rw72|CLK={u_w/ui_clk}|ADRA_HASH=8	UNKNOWN	WIDTH_BOUND	PARITY_UNUSED_NO_TILE_GAIN;TAIL_FRAGMENT_32b_IN_X72_SHELL
u_w/CH[7].ram1_reg_0	u_w	RAMB36E1	SDP	72	0	0	72	0	0	0	0	u_w/ui_clk	8	8	u_w/p_36_in	1	64	64	8	0	0	8	0	0	S:DIPADIP[3]=wr_data[67],S:DIPADIP[2]=wr_data[66],S:DIPADIP[1]=wr_data[65],S:DIPADIP[0]=wr_data[64],S:DIPBDIP[3]=wr_data[71],S:DIPBDIP[2]=wr_data[70],S:DIPBDIP[1]=wr_data[69],S:DIPBDIP[0]=wr_data[68]	S:DOPADOP[3]=CH[7].q1[67],S:DOPADOP[2]=CH[7].q1[66],S:DOPADOP[1]=CH[7].q1[65],S:DOPADOP[0]=CH[7].q1[64],S:DOPBDOP[3]=CH[7].q1[71],S:DOPBDOP[2]=CH[7].q1[70],S:DOPBDOP[1]=CH[7].q1[69],S:DOPBDOP[0]=CH[7].q1[68]	u_w|SDP|rw72|CLK={u_w/ui_clk}|ADRA_HASH=8	FULL_X72_PAYLOAD	FULL_X72_PAYLOAD	PARITY_USED_AS_PAYLOAD
u_w/CH[7].ram1_reg_1	u_w	RAMB36E1	SDP	72	0	0	72	0	0	0	0	u_w/ui_clk	8	8	u_w/p_36_in	1	56	56	0	8	0	0	0	8	C:DIPADIP[3],C:DIPADIP[2],C:DIPADIP[1],C:DIPADIP[0],C:DIPBDIP[3],C:DIPBDIP[2],C:DIPBDIP[1],C:DIPBDIP[0]		u_w|SDP|rw72|CLK={u_w/ui_clk}|ADRA_HASH=8	UNKNOWN	WIDTH_BOUND	PARITY_UNUSED_NO_TILE_GAIN;TAIL_FRAGMENT_32b_IN_X72_SHELL
